ID;lieu;Titre;date;Adresse;latitude;longitude
0;Paris;Le Roi De La Fête by Jacques Dutronc;pas de date;Cathédrale Notre-Dame de Paris, 6, Parvis Notre-Dame - Place Jean-Paul II, Quartier Les Îles, Paris 4e Arrondissement, Paris, Île-de-France, France métropolitaine, 75004, France;48.85293705;2.3500501225000026;;
;;1;Paris;Grandir avec ça by 113 (Ft. Djam El);2005-10-19;Cathédrale Notre-Dame de Paris, 6, Parvis Notre-Dame - Place Jean-Paul II, Quartier Les Îles, Paris 4e Arrondissement, Paris, Île-de-France, France métropolitaine, 75004, France;48.85293705;2.3500501225000026;;
;;2;Paris;Tonton du bled by 113;pas de date;Cathédrale Notre-Dame de Paris, 6, Parvis Notre-Dame - Place Jean-Paul II, Quartier Les Îles, Paris 4e Arrondissement, Paris, Île-de-France, France métropolitaine, 75004, France;48.85293705;2.3500501225000026;;
;;3;Paris;La Suite by 1995;2012-02-12;Cathédrale Notre-Dame de Paris, 6, Parvis Notre-Dame - Place Jean-Paul II, Quartier Les Îles, Paris 4e Arrondissement, Paris, Île-de-France, France métropolitaine, 75004, France;48.85293705;2.3500501225000026;;
;;4;Paris;La diff by 75ème Session x Panama Bende x 13 Sarkastick (Ft. Dilou, Di-Meh, Fa2L, Kesma & Népal);2014-05-03;Cathédrale Notre-Dame de Paris, 6, Parvis Notre-Dame - Place Jean-Paul II, Quartier Les Îles, Paris 4e Arrondissement, Paris, Île-de-France, France métropolitaine, 75004, France;48.85293705;2.3500501225000026;;
;;5;Paris;Les yeux d'un rider by A2H;2016-06-06;Cathédrale Notre-Dame de Paris, 6, Parvis Notre-Dame - Place Jean-Paul II, Quartier Les Îles, Paris 4e Arrondissement, Paris, Île-de-France, France métropolitaine, 75004, France;48.85293705;2.3500501225000026;;
;;6;Paris;Ca Fait Aimer La Vie by Alain Barrière;pas de date;Cathédrale Notre-Dame de Paris, 6, Parvis Notre-Dame - Place Jean-Paul II, Quartier Les Îles, Paris 4e Arrondissement, Paris, Île-de-France, France métropolitaine, 75004, France;48.85293705;2.3500501225000026;;
;;7;Paris;Ames fifties by Alain Souchon;pas de date;Cathédrale Notre-Dame de Paris, 6, Parvis Notre-Dame - Place Jean-Paul II, Quartier Les Îles, Paris 4e Arrondissement, Paris, Île-de-France, France métropolitaine, 75004, France;48.85293705;2.3500501225000026;;
;;8;Paris;Brooklyn Bridge by Alex Beaupain;pas de date;Cathédrale Notre-Dame de Paris, 6, Parvis Notre-Dame - Place Jean-Paul II, Quartier Les Îles, Paris 4e Arrondissement, Paris, Île-de-France, France métropolitaine, 75004, France;48.85293705;2.3500501225000026;;
;;9;Paris;Chiens by Alkpote (Ft. Sidi Sid);2010-11-11;Cathédrale Notre-Dame de Paris, 6, Parvis Notre-Dame - Place Jean-Paul II, Quartier Les Îles, Paris 4e Arrondissement, Paris, Île-de-France, France métropolitaine, 75004, France;48.85293705;2.3500501225000026;;
;;10;Paris;Le Temps De Finir La Bouteille by Allain Leprest;2005-10-08;Cathédrale Notre-Dame de Paris, 6, Parvis Notre-Dame - Place Jean-Paul II, Quartier Les Îles, Paris 4e Arrondissement, Paris, Île-de-France, France métropolitaine, 75004, France;48.85293705;2.3500501225000026;;
;;11;Paris;Fashion Pack by Amanda Lear;pas de date;Cathédrale Notre-Dame de Paris, 6, Parvis Notre-Dame - Place Jean-Paul II, Quartier Les Îles, Paris 4e Arrondissement, Paris, Île-de-France, France métropolitaine, 75004, France;48.85293705;2.3500501225000026;;
;;12;Paris;Il Avait Le Charme Slave by Andrex;pas de date;Cathédrale Notre-Dame de Paris, 6, Parvis Notre-Dame - Place Jean-Paul II, Quartier Les Îles, Paris 4e Arrondissement, Paris, Île-de-France, France métropolitaine, 75004, France;48.85293705;2.3500501225000026;;
;;13;Paris;Plus personne à Paris by Anne Sylvestre;1974-01-01;Cathédrale Notre-Dame de Paris, 6, Parvis Notre-Dame - Place Jean-Paul II, Quartier Les Îles, Paris 4e Arrondissement, Paris, Île-de-France, France métropolitaine, 75004, France;48.85293705;2.3500501225000026;;
;;14;Paris;Au Bois de Boulogne by Aristide Bruant;pas de date;Cathédrale Notre-Dame de Paris, 6, Parvis Notre-Dame - Place Jean-Paul II, Quartier Les Îles, Paris 4e Arrondissement, Paris, Île-de-France, France métropolitaine, 75004, France;48.85293705;2.3500501225000026;;
;;15;Paris;Si on se dit pas tout by Arnaud Fleurent-Didier;pas de date;Cathédrale Notre-Dame de Paris, 6, Parvis Notre-Dame - Place Jean-Paul II, Quartier Les Îles, Paris 4e Arrondissement, Paris, Île-de-France, France métropolitaine, 75004, France;48.85293705;2.3500501225000026;;
;;16;Paris;Le baron noir by Arthur H;pas de date;Cathédrale Notre-Dame de Paris, 6, Parvis Notre-Dame - Place Jean-Paul II, Quartier Les Îles, Paris 4e Arrondissement, Paris, Île-de-France, France métropolitaine, 75004, France;48.85293705;2.3500501225000026;;
;;17;Paris;Rien ne s'oublie by Axel Bauer;pas de date;Cathédrale Notre-Dame de Paris, 6, Parvis Notre-Dame - Place Jean-Paul II, Quartier Les Îles, Paris 4e Arrondissement, Paris, Île-de-France, France métropolitaine, 75004, France;48.85293705;2.3500501225000026;;
;;18;Paris;Gang by Aya Nakamura (Ft. Davido);2018-11-02;Cathédrale Notre-Dame de Paris, 6, Parvis Notre-Dame - Place Jean-Paul II, Quartier Les Îles, Paris 4e Arrondissement, Paris, Île-de-France, France métropolitaine, 75004, France;48.85293705;2.3500501225000026;;
;;19;Paris;Paris Latino by Bandolero;pas de date;Cathédrale Notre-Dame de Paris, 6, Parvis Notre-Dame - Place Jean-Paul II, Quartier Les Îles, Paris 4e Arrondissement, Paris, Île-de-France, France métropolitaine, 75004, France;48.85293705;2.3500501225000026;;
;;20;Paris;En ce qui me consterne by BB Brunes;2013-11-18;Cathédrale Notre-Dame de Paris, 6, Parvis Notre-Dame - Place Jean-Paul II, Quartier Les Îles, Paris 4e Arrondissement, Paris, Île-de-France, France métropolitaine, 75004, France;48.85293705;2.3500501225000026;;
;;21;Paris;Freestyle LPK7FDRF by Beat de Boul (Ft. Les Sages Poètes de la Rue, Lunatic & Mo'vez Lang);1995-01-01;Cathédrale Notre-Dame de Paris, 6, Parvis Notre-Dame - Place Jean-Paul II, Quartier Les Îles, Paris 4e Arrondissement, Paris, Île-de-France, France métropolitaine, 75004, France;48.85293705;2.3500501225000026;;
;;22;Paris;Paris Cor Blimey by Benjamin Clementine;2017-09-29;Cathédrale Notre-Dame de Paris, 6, Parvis Notre-Dame - Place Jean-Paul II, Quartier Les Îles, Paris 4e Arrondissement, Paris, Île-de-France, France métropolitaine, 75004, France;48.85293705;2.3500501225000026;;
;;23;Paris;Mes monuments by Ben Mazué;pas de date;Cathédrale Notre-Dame de Paris, 6, Parvis Notre-Dame - Place Jean-Paul II, Quartier Les Îles, Paris 4e Arrondissement, Paris, Île-de-France, France métropolitaine, 75004, France;48.85293705;2.3500501225000026;;
;;24;Paris;Borinqueño by Bernard Lavilliers;pas de date;Cathédrale Notre-Dame de Paris, 6, Parvis Notre-Dame - Place Jean-Paul II, Quartier Les Îles, Paris 4e Arrondissement, Paris, Île-de-France, France métropolitaine, 75004, France;48.85293705;2.3500501225000026;;
;;25;Paris;Chuis Con by Bertrand Cantat;2017-12-01;Cathédrale Notre-Dame de Paris, 6, Parvis Notre-Dame - Place Jean-Paul II, Quartier Les Îles, Paris 4e Arrondissement, Paris, Île-de-France, France métropolitaine, 75004, France;48.85293705;2.3500501225000026;;
;;26;Paris;On a Faim by Bérurier Noir;pas de date;Cathédrale Notre-Dame de Paris, 6, Parvis Notre-Dame - Place Jean-Paul II, Quartier Les Îles, Paris 4e Arrondissement, Paris, Île-de-France, France métropolitaine, 75004, France;48.85293705;2.3500501225000026;;
;;27;Paris;Deenastyle by Big Red (Ft. Dee Nasty);1999-06-08;Cathédrale Notre-Dame de Paris, 6, Parvis Notre-Dame - Place Jean-Paul II, Quartier Les Îles, Paris 4e Arrondissement, Paris, Île-de-France, France métropolitaine, 75004, France;48.85293705;2.3500501225000026;;
;;28;Paris;BOOM x3 by Bilal Hassani;2019-04-26;Cathédrale Notre-Dame de Paris, 6, Parvis Notre-Dame - Place Jean-Paul II, Quartier Les Îles, Paris 4e Arrondissement, Paris, Île-de-France, France métropolitaine, 75004, France;48.85293705;2.3500501225000026;;
;;29;Paris;Foncés grosses lèvres by Black M (Ft. Dadju);2013-07-08;Cathédrale Notre-Dame de Paris, 6, Parvis Notre-Dame - Place Jean-Paul II, Quartier Les Îles, Paris 4e Arrondissement, Paris, Île-de-France, France métropolitaine, 75004, France;48.85293705;2.3500501225000026;;
;;30;Paris;C’est quoi ton nom ? by Blankass;2019-01-01;Cathédrale Notre-Dame de Paris, 6, Parvis Notre-Dame - Place Jean-Paul II, Quartier Les Îles, Paris 4e Arrondissement, Paris, Île-de-France, France métropolitaine, 75004, France;48.85293705;2.3500501225000026;;
;;31;Paris;La Fille du Pêcheur by Boby Lapointe;pas de date;Cathédrale Notre-Dame de Paris, 6, Parvis Notre-Dame - Place Jean-Paul II, Quartier Les Îles, Paris 4e Arrondissement, Paris, Île-de-France, France métropolitaine, 75004, France;48.85293705;2.3500501225000026;;
;;32;Paris;Paname by Booba;2011-08-19;Cathédrale Notre-Dame de Paris, 6, Parvis Notre-Dame - Place Jean-Paul II, Quartier Les Îles, Paris 4e Arrondissement, Paris, Île-de-France, France métropolitaine, 75004, France;48.85293705;2.3500501225000026;;
;;33;Paris;Le Petit Commerce by Boris Vian;pas de date;Cathédrale Notre-Dame de Paris, 6, Parvis Notre-Dame - Place Jean-Paul II, Quartier Les Îles, Paris 4e Arrondissement, Paris, Île-de-France, France métropolitaine, 75004, France;48.85293705;2.3500501225000026;;
;;34;Paris;Paris-Corbeil by Boulevard des Airs;pas de date;Cathédrale Notre-Dame de Paris, 6, Parvis Notre-Dame - Place Jean-Paul II, Quartier Les Îles, Paris 4e Arrondissement, Paris, Île-de-France, France métropolitaine, 75004, France;48.85293705;2.3500501225000026;;
;;35;Paris;Caroline, Caroline by Bourvil;pas de date;Cathédrale Notre-Dame de Paris, 6, Parvis Notre-Dame - Place Jean-Paul II, Quartier Les Îles, Paris 4e Arrondissement, Paris, Île-de-France, France métropolitaine, 75004, France;48.85293705;2.3500501225000026;;
;;36;Paris;Sport by Butter Bullets;2017-12-04;Cathédrale Notre-Dame de Paris, 6, Parvis Notre-Dame - Place Jean-Paul II, Quartier Les Îles, Paris 4e Arrondissement, Paris, Île-de-France, France métropolitaine, 75004, France;48.85293705;2.3500501225000026;;
;;37;Paris;De l'Ombre à la Lumière by Calogero (Ft. Grand Corps Malade);2009-04-20;Cathédrale Notre-Dame de Paris, 6, Parvis Notre-Dame - Place Jean-Paul II, Quartier Les Îles, Paris 4e Arrondissement, Paris, Île-de-France, France métropolitaine, 75004, France;48.85293705;2.3500501225000026;;
;;38;Paris;Empire by Camélia Jordana;pas de date;Cathédrale Notre-Dame de Paris, 6, Parvis Notre-Dame - Place Jean-Paul II, Quartier Les Îles, Paris 4e Arrondissement, Paris, Île-de-France, France métropolitaine, 75004, France;48.85293705;2.3500501225000026;;
;;39;Paris;Little French Song by Carla Bruni;pas de date;Cathédrale Notre-Dame de Paris, 6, Parvis Notre-Dame - Place Jean-Paul II, Quartier Les Îles, Paris 4e Arrondissement, Paris, Île-de-France, France métropolitaine, 75004, France;48.85293705;2.3500501225000026;;
;;40;Paris;Le fourbe by Carmen Maria Vega;pas de date;Cathédrale Notre-Dame de Paris, 6, Parvis Notre-Dame - Place Jean-Paul II, Quartier Les Îles, Paris 4e Arrondissement, Paris, Île-de-France, France métropolitaine, 75004, France;48.85293705;2.3500501225000026;;
;;41;Paris;Ailleurs by Caroline Costa;2017-06-24;Cathédrale Notre-Dame de Paris, 6, Parvis Notre-Dame - Place Jean-Paul II, Quartier Les Îles, Paris 4e Arrondissement, Paris, Île-de-France, France métropolitaine, 75004, France;48.85293705;2.3500501225000026;;
;;42;Paris;Ganz Paris träumt von der Liebe by Caterina Valente;pas de date;Cathédrale Notre-Dame de Paris, 6, Parvis Notre-Dame - Place Jean-Paul II, Quartier Les Îles, Paris 4e Arrondissement, Paris, Île-de-France, France métropolitaine, 75004, France;48.85293705;2.3500501225000026;;
;;43;Paris;Non, je n'ai rien oublié by Charles Aznavour;pas de date;Cathédrale Notre-Dame de Paris, 6, Parvis Notre-Dame - Place Jean-Paul II, Quartier Les Îles, Paris 4e Arrondissement, Paris, Île-de-France, France métropolitaine, 75004, France;48.85293705;2.3500501225000026;;
;;44;Paris;Revoir Paris by Charles Trenet;pas de date;Cathédrale Notre-Dame de Paris, 6, Parvis Notre-Dame - Place Jean-Paul II, Quartier Les Îles, Paris 4e Arrondissement, Paris, Île-de-France, France métropolitaine, 75004, France;48.85293705;2.3500501225000026;;
;;45;Paris;Septembre 94 by Chimène Badi;pas de date;Cathédrale Notre-Dame de Paris, 6, Parvis Notre-Dame - Place Jean-Paul II, Quartier Les Îles, Paris 4e Arrondissement, Paris, Île-de-France, France métropolitaine, 75004, France;48.85293705;2.3500501225000026;;
;;46;Paris;Photos Souvenirs by Christine and the Queens;pas de date;Cathédrale Notre-Dame de Paris, 6, Parvis Notre-Dame - Place Jean-Paul II, Quartier Les Îles, Paris 4e Arrondissement, Paris, Île-de-France, France métropolitaine, 75004, France;48.85293705;2.3500501225000026;;
;;47;Paris;La Parisienne by Christophe Maé;2016-05-13;Cathédrale Notre-Dame de Paris, 6, Parvis Notre-Dame - Place Jean-Paul II, Quartier Les Îles, Paris 4e Arrondissement, Paris, Île-de-France, France métropolitaine, 75004, France;48.85293705;2.3500501225000026;;
;;48;Paris;Jeune homme by Christophe Mali;pas de date;Cathédrale Notre-Dame de Paris, 6, Parvis Notre-Dame - Place Jean-Paul II, Quartier Les Îles, Paris 4e Arrondissement, Paris, Île-de-France, France métropolitaine, 75004, France;48.85293705;2.3500501225000026;;
;;49;Paris;Coffee by Christophe Willem;pas de date;Cathédrale Notre-Dame de Paris, 6, Parvis Notre-Dame - Place Jean-Paul II, Quartier Les Îles, Paris 4e Arrondissement, Paris, Île-de-France, France métropolitaine, 75004, France;48.85293705;2.3500501225000026;;
;;50;Paris;N'allez pas travailler by Cléa Vincent;2020-04-30;Cathédrale Notre-Dame de Paris, 6, Parvis Notre-Dame - Place Jean-Paul II, Quartier Les Îles, Paris 4e Arrondissement, Paris, Île-de-France, France métropolitaine, 75004, France;48.85293705;2.3500501225000026;;
;;51;Paris;Avec les anges by Colette Renard;pas de date;Cathédrale Notre-Dame de Paris, 6, Parvis Notre-Dame - Place Jean-Paul II, Quartier Les Îles, Paris 4e Arrondissement, Paris, Île-de-France, France métropolitaine, 75004, France;48.85293705;2.3500501225000026;;
;;52;Paris;Cache-Cache by Columbine;2018-07-13;Cathédrale Notre-Dame de Paris, 6, Parvis Notre-Dame - Place Jean-Paul II, Quartier Les Îles, Paris 4e Arrondissement, Paris, Île-de-France, France métropolitaine, 75004, France;48.85293705;2.3500501225000026;;
;;53;Paris;Clôture by Cyril Mokaiesh;2017-01-20;Cathédrale Notre-Dame de Paris, 6, Parvis Notre-Dame - Place Jean-Paul II, Quartier Les Îles, Paris 4e Arrondissement, Paris, Île-de-France, France métropolitaine, 75004, France;48.85293705;2.3500501225000026;;
;;54;Paris;Ina di club 2 by Daddy Mory (Ft. Jmi Sissoko, Nessbeal & Ol' Kainry);2007-05-27;Cathédrale Notre-Dame de Paris, 6, Parvis Notre-Dame - Place Jean-Paul II, Quartier Les Îles, Paris 4e Arrondissement, Paris, Île-de-France, France métropolitaine, 75004, France;48.85293705;2.3500501225000026;;
;;55;Paris;Paire d’As by Dadju (Ft. Nekfeu);2019-11-15;Cathédrale Notre-Dame de Paris, 6, Parvis Notre-Dame - Place Jean-Paul II, Quartier Les Îles, Paris 4e Arrondissement, Paris, Île-de-France, France métropolitaine, 75004, France;48.85293705;2.3500501225000026;;
;;56;Paris;Là où je t'aime by Dalida;pas de date;Cathédrale Notre-Dame de Paris, 6, Parvis Notre-Dame - Place Jean-Paul II, Quartier Les Îles, Paris 4e Arrondissement, Paris, Île-de-France, France métropolitaine, 75004, France;48.85293705;2.3500501225000026;;
;;57;Paris;Mon Européenne by Damien Saez;2017-01-28;Cathédrale Notre-Dame de Paris, 6, Parvis Notre-Dame - Place Jean-Paul II, Quartier Les Îles, Paris 4e Arrondissement, Paris, Île-de-France, France métropolitaine, 75004, France;48.85293705;2.3500501225000026;;
;;58;Paris;Tu as brisé ma vie by Dany Brillant;1993-11-03;Cathédrale Notre-Dame de Paris, 6, Parvis Notre-Dame - Place Jean-Paul II, Quartier Les Îles, Paris 4e Arrondissement, Paris, Île-de-France, France métropolitaine, 75004, France;48.85293705;2.3500501225000026;;
;;59;Paris;CEst Magnifique by Dario Moreno;pas de date;Cathédrale Notre-Dame de Paris, 6, Parvis Notre-Dame - Place Jean-Paul II, Quartier Les Îles, Paris 4e Arrondissement, Paris, Île-de-France, France métropolitaine, 75004, France;48.85293705;2.3500501225000026;;
;;60;Paris;Petite Banlieusarde by Diam's;pas de date;Cathédrale Notre-Dame de Paris, 6, Parvis Notre-Dame - Place Jean-Paul II, Quartier Les Îles, Paris 4e Arrondissement, Paris, Île-de-France, France métropolitaine, 75004, France;48.85293705;2.3500501225000026;;
;;61;Paris;Vive Les Vacances by Dorothée;pas de date;Cathédrale Notre-Dame de Paris, 6, Parvis Notre-Dame - Place Jean-Paul II, Quartier Les Îles, Paris 4e Arrondissement, Paris, Île-de-France, France métropolitaine, 75004, France;48.85293705;2.3500501225000026;;
;;62;Paris;MQTB by Dosseh (Ft. Booba);2018-07-05;Cathédrale Notre-Dame de Paris, 6, Parvis Notre-Dame - Place Jean-Paul II, Quartier Les Îles, Paris 4e Arrondissement, Paris, Île-de-France, France métropolitaine, 75004, France;48.85293705;2.3500501225000026;;
;;63;Paris;Bateaux-Mouches by Eddy de Pretto;2021-01-06;Cathédrale Notre-Dame de Paris, 6, Parvis Notre-Dame - Place Jean-Paul II, Quartier Les Îles, Paris 4e Arrondissement, Paris, Île-de-France, France métropolitaine, 75004, France;48.85293705;2.3500501225000026;;
;;64;Paris;J'Aime… J'Aime Pas by Eddy Mitchell;pas de date;Cathédrale Notre-Dame de Paris, 6, Parvis Notre-Dame - Place Jean-Paul II, Quartier Les Îles, Paris 4e Arrondissement, Paris, Île-de-France, France métropolitaine, 75004, France;48.85293705;2.3500501225000026;;
;;65;Paris;Paris by Édith Piaf;pas de date;Cathédrale Notre-Dame de Paris, 6, Parvis Notre-Dame - Place Jean-Paul II, Quartier Les Îles, Paris 4e Arrondissement, Paris, Île-de-France, France métropolitaine, 75004, France;48.85293705;2.3500501225000026;;
;;66;Paris;To the Dancers in the Rain by Émilie Simon;2003-05-27;Cathédrale Notre-Dame de Paris, 6, Parvis Notre-Dame - Place Jean-Paul II, Quartier Les Îles, Paris 4e Arrondissement, Paris, Île-de-France, France métropolitaine, 75004, France;48.85293705;2.3500501225000026;;
;;67;Paris;Dans les cocktails by Éric Toulis;2000-01-01;Cathédrale Notre-Dame de Paris, 6, Parvis Notre-Dame - Place Jean-Paul II, Quartier Les Îles, Paris 4e Arrondissement, Paris, Île-de-France, France métropolitaine, 75004, France;48.85293705;2.3500501225000026;;
;;68;Paris;Ouverture by Étienne Daho;pas de date;Cathédrale Notre-Dame de Paris, 6, Parvis Notre-Dame - Place Jean-Paul II, Quartier Les Îles, Paris 4e Arrondissement, Paris, Île-de-France, France métropolitaine, 75004, France;48.85293705;2.3500501225000026;;
;;69;Paris;Freestyle Planète Rap by Fababy (Ft. Bilel, Fababy, Hayce Lemsi, Sadek, S.Pri Noir & Volts Face);2012-03-02;Cathédrale Notre-Dame de Paris, 6, Parvis Notre-Dame - Place Jean-Paul II, Quartier Les Îles, Paris 4e Arrondissement, Paris, Île-de-France, France métropolitaine, 75004, France;48.85293705;2.3500501225000026;;
;;70;Paris;Mauvaise foi nocturne - version album by Fatal Bazooka (Ft. Vitoo);pas de date;Cathédrale Notre-Dame de Paris, 6, Parvis Notre-Dame - Place Jean-Paul II, Quartier Les Îles, Paris 4e Arrondissement, Paris, Île-de-France, France métropolitaine, 75004, France;48.85293705;2.3500501225000026;;
;;71;Paris;Sainte Anne by FAUVE;pas de date;Cathédrale Notre-Dame de Paris, 6, Parvis Notre-Dame - Place Jean-Paul II, Quartier Les Îles, Paris 4e Arrondissement, Paris, Île-de-France, France métropolitaine, 75004, France;48.85293705;2.3500501225000026;;
;;72;Paris;Châtelet Les Halles by Florent Pagny;pas de date;Cathédrale Notre-Dame de Paris, 6, Parvis Notre-Dame - Place Jean-Paul II, Quartier Les Îles, Paris 4e Arrondissement, Paris, Île-de-France, France métropolitaine, 75004, France;48.85293705;2.3500501225000026;;
;;73;Paris;La Furie et la Foi by Fonky Family;1998-01-13;Cathédrale Notre-Dame de Paris, 6, Parvis Notre-Dame - Place Jean-Paul II, Quartier Les Îles, Paris 4e Arrondissement, Paris, Île-de-France, France métropolitaine, 75004, France;48.85293705;2.3500501225000026;;
;;74;Paris;Jazz à Gogo by France Gall;pas de date;Cathédrale Notre-Dame de Paris, 6, Parvis Notre-Dame - Place Jean-Paul II, Quartier Les Îles, Paris 4e Arrondissement, Paris, Île-de-France, France métropolitaine, 75004, France;48.85293705;2.3500501225000026;;
;;75;Paris;À Paris by Francis Lemarque;pas de date;Cathédrale Notre-Dame de Paris, 6, Parvis Notre-Dame - Place Jean-Paul II, Quartier Les Îles, Paris 4e Arrondissement, Paris, Île-de-France, France métropolitaine, 75004, France;48.85293705;2.3500501225000026;;
;;76;Paris;Joue Pas Avec Mes Nerfs by François Béranger;pas de date;Cathédrale Notre-Dame de Paris, 6, Parvis Notre-Dame - Place Jean-Paul II, Quartier Les Îles, Paris 4e Arrondissement, Paris, Île-de-France, France métropolitaine, 75004, France;48.85293705;2.3500501225000026;;
;;77;Paris;Puisque vous partez en voyage by Françoise Hardy;pas de date;Cathédrale Notre-Dame de Paris, 6, Parvis Notre-Dame - Place Jean-Paul II, Quartier Les Îles, Paris 4e Arrondissement, Paris, Île-de-France, France métropolitaine, 75004, France;48.85293705;2.3500501225000026;;
;;78;Paris;Bibi by Franglish;2020-06-12;Cathédrale Notre-Dame de Paris, 6, Parvis Notre-Dame - Place Jean-Paul II, Quartier Les Îles, Paris 4e Arrondissement, Paris, Île-de-France, France métropolitaine, 75004, France;48.85293705;2.3500501225000026;;
;;79;Paris;Comme si c'était hier by Gauvain Sers;pas de date;Cathédrale Notre-Dame de Paris, 6, Parvis Notre-Dame - Place Jean-Paul II, Quartier Les Îles, Paris 4e Arrondissement, Paris, Île-de-France, France métropolitaine, 75004, France;48.85293705;2.3500501225000026;;
;;80;Paris;Supplique pour être enterré à la plage de Sète by Georges Brassens;pas de date;Cathédrale Notre-Dame de Paris, 6, Parvis Notre-Dame - Place Jean-Paul II, Quartier Les Îles, Paris 4e Arrondissement, Paris, Île-de-France, France métropolitaine, 75004, France;48.85293705;2.3500501225000026;;
;;81;Paris;Je n'suis pas la Seine by Georges Chelon;pas de date;Cathédrale Notre-Dame de Paris, 6, Parvis Notre-Dame - Place Jean-Paul II, Quartier Les Îles, Paris 4e Arrondissement, Paris, Île-de-France, France métropolitaine, 75004, France;48.85293705;2.3500501225000026;;
;;82;Paris;Un brin de Paris by Georgius;pas de date;Cathédrale Notre-Dame de Paris, 6, Parvis Notre-Dame - Place Jean-Paul II, Quartier Les Îles, Paris 4e Arrondissement, Paris, Île-de-France, France métropolitaine, 75004, France;48.85293705;2.3500501225000026;;
;;83;Paris;Pour Un Joueur De Guitare by Gérard Manset;pas de date;Cathédrale Notre-Dame de Paris, 6, Parvis Notre-Dame - Place Jean-Paul II, Quartier Les Îles, Paris 4e Arrondissement, Paris, Île-de-France, France métropolitaine, 75004, France;48.85293705;2.3500501225000026;;
;;84;Paris;Nathalie by Gilbert Bécaud;pas de date;Cathédrale Notre-Dame de Paris, 6, Parvis Notre-Dame - Place Jean-Paul II, Quartier Les Îles, Paris 4e Arrondissement, Paris, Île-de-France, France métropolitaine, 75004, France;48.85293705;2.3500501225000026;;
;;85;Paris;Je reviens chez nous by Gilles Dreu;1997-08-03;Cathédrale Notre-Dame de Paris, 6, Parvis Notre-Dame - Place Jean-Paul II, Quartier Les Îles, Paris 4e Arrondissement, Paris, Île-de-France, France métropolitaine, 75004, France;48.85293705;2.3500501225000026;;
;;86;Paris;Sheguey 6 (Soldat Mili) by Gradur;2014-03-15;Cathédrale Notre-Dame de Paris, 6, Parvis Notre-Dame - Place Jean-Paul II, Quartier Les Îles, Paris 4e Arrondissement, Paris, Île-de-France, France métropolitaine, 75004, France;48.85293705;2.3500501225000026;;
;;87;Paris;Je t'écris by Grégory Lemarchal;pas de date;Cathédrale Notre-Dame de Paris, 6, Parvis Notre-Dame - Place Jean-Paul II, Quartier Les Îles, Paris 4e Arrondissement, Paris, Île-de-France, France métropolitaine, 75004, France;48.85293705;2.3500501225000026;;
;;88;Paris;Demain Il Pleut by Guerilla Poubelle;pas de date;Cathédrale Notre-Dame de Paris, 6, Parvis Notre-Dame - Place Jean-Paul II, Quartier Les Îles, Paris 4e Arrondissement, Paris, Île-de-France, France métropolitaine, 75004, France;48.85293705;2.3500501225000026;;
;;89;Paris;Bon Anniversaire by Guesch Patti;pas de date;Cathédrale Notre-Dame de Paris, 6, Parvis Notre-Dame - Place Jean-Paul II, Quartier Les Îles, Paris 4e Arrondissement, Paris, Île-de-France, France métropolitaine, 75004, France;48.85293705;2.3500501225000026;;
;;90;Paris;C'est tout by Guizmo;pas de date;Cathédrale Notre-Dame de Paris, 6, Parvis Notre-Dame - Place Jean-Paul II, Quartier Les Îles, Paris 4e Arrondissement, Paris, Île-de-France, France métropolitaine, 75004, France;48.85293705;2.3500501225000026;;
;;91;Paris;Il n'y a plus d'après by Guy Béart;pas de date;Cathédrale Notre-Dame de Paris, 6, Parvis Notre-Dame - Place Jean-Paul II, Quartier Les Îles, Paris 4e Arrondissement, Paris, Île-de-France, France métropolitaine, 75004, France;48.85293705;2.3500501225000026;;
;;92;Paris;Je suis venue à Paris by Hélène Rollès;pas de date;Cathédrale Notre-Dame de Paris, 6, Parvis Notre-Dame - Place Jean-Paul II, Quartier Les Îles, Paris 4e Arrondissement, Paris, Île-de-France, France métropolitaine, 75004, France;48.85293705;2.3500501225000026;;
;;93;Paris;Ça m'énerve 2020 by Helmut Fritz;2020-04-10;Cathédrale Notre-Dame de Paris, 6, Parvis Notre-Dame - Place Jean-Paul II, Quartier Les Îles, Paris 4e Arrondissement, Paris, Île-de-France, France métropolitaine, 75004, France;48.85293705;2.3500501225000026;;
;;94;Paris;C'Est Pas La Joie by Henri Salvador;pas de date;Cathédrale Notre-Dame de Paris, 6, Parvis Notre-Dame - Place Jean-Paul II, Quartier Les Îles, Paris 4e Arrondissement, Paris, Île-de-France, France métropolitaine, 75004, France;48.85293705;2.3500501225000026;;
;;95;Paris;Ma Chanson De Liberté by Hervé Vilard;pas de date;Cathédrale Notre-Dame de Paris, 6, Parvis Notre-Dame - Place Jean-Paul II, Quartier Les Îles, Paris 4e Arrondissement, Paris, Île-de-France, France métropolitaine, 75004, France;48.85293705;2.3500501225000026;;
;;96;Paris;BX Land #1 by Heuss L'enfoiré;2017-07-23;Cathédrale Notre-Dame de Paris, 6, Parvis Notre-Dame - Place Jean-Paul II, Quartier Les Îles, Paris 4e Arrondissement, Paris, Île-de-France, France métropolitaine, 75004, France;48.85293705;2.3500501225000026;;
;;97;Paris;Lotus by High Five Crew;2014-02-09;Cathédrale Notre-Dame de Paris, 6, Parvis Notre-Dame - Place Jean-Paul II, Quartier Les Îles, Paris 4e Arrondissement, Paris, Île-de-France, France métropolitaine, 75004, France;48.85293705;2.3500501225000026;;
;;98;Paris;Planète mars by IAM;1991-03-25;Cathédrale Notre-Dame de Paris, 6, Parvis Notre-Dame - Place Jean-Paul II, Quartier Les Îles, Paris 4e Arrondissement, Paris, Île-de-France, France métropolitaine, 75004, France;48.85293705;2.3500501225000026;;
;;99;Paris;Viens Faire Un Tour Sous La Pluie by Il Était Une Fois;pas de date;Cathédrale Notre-Dame de Paris, 6, Parvis Notre-Dame - Place Jean-Paul II, Quartier Les Îles, Paris 4e Arrondissement, Paris, Île-de-France, France métropolitaine, 75004, France;48.85293705;2.3500501225000026;;
;;100;Paris;C'est les vacances by Ilona Mitrecey;pas de date;Cathédrale Notre-Dame de Paris, 6, Parvis Notre-Dame - Place Jean-Paul II, Quartier Les Îles, Paris 4e Arrondissement, Paris, Île-de-France, France métropolitaine, 75004, France;48.85293705;2.3500501225000026;;
;;101;Paris;Parle à ta tête by Indila;2019-11-14;Cathédrale Notre-Dame de Paris, 6, Parvis Notre-Dame - Place Jean-Paul II, Quartier Les Îles, Paris 4e Arrondissement, Paris, Île-de-France, France métropolitaine, 75004, France;48.85293705;2.3500501225000026;;
;;102;Paris;Mademoiselle de Paris by Jacqueline François;pas de date;Cathédrale Notre-Dame de Paris, 6, Parvis Notre-Dame - Place Jean-Paul II, Quartier Les Îles, Paris 4e Arrondissement, Paris, Île-de-France, France métropolitaine, 75004, France;48.85293705;2.3500501225000026;;
;;103;Paris;Ce soir je m'en vais by Jacqueline Taieb;pas de date;Cathédrale Notre-Dame de Paris, 6, Parvis Notre-Dame - Place Jean-Paul II, Quartier Les Îles, Paris 4e Arrondissement, Paris, Île-de-France, France métropolitaine, 75004, France;48.85293705;2.3500501225000026;;
;;104;Paris;Le Roi De La Fête by Jacques Dutronc;pas de date;Cathédrale Notre-Dame de Paris, 6, Parvis Notre-Dame - Place Jean-Paul II, Quartier Les Îles, Paris 4e Arrondissement, Paris, Île-de-France, France métropolitaine, 75004, France;48.85293705;2.3500501225000026;;
;;105;Paris;Le fil à la patte du caméléon by Jacques Higelin;pas de date;Cathédrale Notre-Dame de Paris, 6, Parvis Notre-Dame - Place Jean-Paul II, Quartier Les Îles, Paris 4e Arrondissement, Paris, Île-de-France, France métropolitaine, 75004, France;48.85293705;2.3500501225000026;;
;;106;Paris;Paris Musée by Java;2009-04-27;Cathédrale Notre-Dame de Paris, 6, Parvis Notre-Dame - Place Jean-Paul II, Quartier Les Îles, Paris 4e Arrondissement, Paris, Île-de-France, France métropolitaine, 75004, France;48.85293705;2.3500501225000026;;
;;107;Paris;C'est beau la vie by Jean Ferrat;pas de date;Cathédrale Notre-Dame de Paris, 6, Parvis Notre-Dame - Place Jean-Paul II, Quartier Les Îles, Paris 4e Arrondissement, Paris, Île-de-France, France métropolitaine, 75004, France;48.85293705;2.3500501225000026;;
;;108;Paris;Adieu Jolie Candy by Jean-François Michael;pas de date;Cathédrale Notre-Dame de Paris, 6, Parvis Notre-Dame - Place Jean-Paul II, Quartier Les Îles, Paris 4e Arrondissement, Paris, Île-de-France, France métropolitaine, 75004, France;48.85293705;2.3500501225000026;;
;;109;Paris;Quand on s'promène au bord de l'eau by Jean Gabin;pas de date;Cathédrale Notre-Dame de Paris, 6, Parvis Notre-Dame - Place Jean-Paul II, Quartier Les Îles, Paris 4e Arrondissement, Paris, Île-de-France, France métropolitaine, 75004, France;48.85293705;2.3500501225000026;;
;;110;Paris;Comme Dans Un Ballet De Pina Bausch by Jean Guidoni;pas de date;Cathédrale Notre-Dame de Paris, 6, Parvis Notre-Dame - Place Jean-Paul II, Quartier Les Îles, Paris 4e Arrondissement, Paris, Île-de-France, France métropolitaine, 75004, France;48.85293705;2.3500501225000026;;
;;111;Paris;Les Rues de Paris by Jean-Jacques Debout;1990-01-01;Cathédrale Notre-Dame de Paris, 6, Parvis Notre-Dame - Place Jean-Paul II, Quartier Les Îles, Paris 4e Arrondissement, Paris, Île-de-France, France métropolitaine, 75004, France;48.85293705;2.3500501225000026;;
;;112;Paris;Doux by Jean-Jacques Goldman;pas de date;Cathédrale Notre-Dame de Paris, 6, Parvis Notre-Dame - Place Jean-Paul II, Quartier Les Îles, Paris 4e Arrondissement, Paris, Île-de-France, France métropolitaine, 75004, France;48.85293705;2.3500501225000026;;
;;113;Paris;Dis quand reviendras tu ? by Jean-Louis Aubert;pas de date;Cathédrale Notre-Dame de Paris, 6, Parvis Notre-Dame - Place Jean-Paul II, Quartier Les Îles, Paris 4e Arrondissement, Paris, Île-de-France, France métropolitaine, 75004, France;48.85293705;2.3500501225000026;;
;;114;Paris;Comme un incendie by Jean-Louis Murat;pas de date;Cathédrale Notre-Dame de Paris, 6, Parvis Notre-Dame - Place Jean-Paul II, Quartier Les Îles, Paris 4e Arrondissement, Paris, Île-de-France, France métropolitaine, 75004, France;48.85293705;2.3500501225000026;;
;;115;Paris;Marie by Jean-Michel Caradec;pas de date;Cathédrale Notre-Dame de Paris, 6, Parvis Notre-Dame - Place Jean-Paul II, Quartier Les Îles, Paris 4e Arrondissement, Paris, Île-de-France, France métropolitaine, 75004, France;48.85293705;2.3500501225000026;;
;;116;Paris;Ah! Les p'tites femmes de Paris by Jeanne Moreau;pas de date;Cathédrale Notre-Dame de Paris, 6, Parvis Notre-Dame - Place Jean-Paul II, Quartier Les Îles, Paris 4e Arrondissement, Paris, Île-de-France, France métropolitaine, 75004, France;48.85293705;2.3500501225000026;;
;;117;Paris;Rendez-Vous Sous La Pluie by Jean Sablon;pas de date;Cathédrale Notre-Dame de Paris, 6, Parvis Notre-Dame - Place Jean-Paul II, Quartier Les Îles, Paris 4e Arrondissement, Paris, Île-de-France, France métropolitaine, 75004, France;48.85293705;2.3500501225000026;;
;;118;Paris;Sur les quais by Jehan Jonas;1966-01-01;Cathédrale Notre-Dame de Paris, 6, Parvis Notre-Dame - Place Jean-Paul II, Quartier Les Îles, Paris 4e Arrondissement, Paris, Île-de-France, France métropolitaine, 75004, France;48.85293705;2.3500501225000026;;
;;119;Paris;US Boy by Jena Lee;2010-01-01;Cathédrale Notre-Dame de Paris, 6, Parvis Notre-Dame - Place Jean-Paul II, Quartier Les Îles, Paris 4e Arrondissement, Paris, Île-de-France, France métropolitaine, 75004, France;48.85293705;2.3500501225000026;;
;;120;Paris;L'amour & moi by Jenifer;2012-09-17;Cathédrale Notre-Dame de Paris, 6, Parvis Notre-Dame - Place Jean-Paul II, Quartier Les Îles, Paris 4e Arrondissement, Paris, Île-de-France, France métropolitaine, 75004, France;48.85293705;2.3500501225000026;;
;;121;Paris;J'ai Voyagé by Jenn Ayache (Ft. TiTo Prince);2014-09-22;Cathédrale Notre-Dame de Paris, 6, Parvis Notre-Dame - Place Jean-Paul II, Quartier Les Îles, Paris 4e Arrondissement, Paris, Île-de-France, France métropolitaine, 75004, France;48.85293705;2.3500501225000026;;
;;122;Paris;Tard dans la nuit by Jil Caplan;pas de date;Cathédrale Notre-Dame de Paris, 6, Parvis Notre-Dame - Place Jean-Paul II, Quartier Les Îles, Paris 4e Arrondissement, Paris, Île-de-France, France métropolitaine, 75004, France;48.85293705;2.3500501225000026;;
;;123;Paris;La bande à Bonnot by Joe Dassin;pas de date;Cathédrale Notre-Dame de Paris, 6, Parvis Notre-Dame - Place Jean-Paul II, Quartier Les Îles, Paris 4e Arrondissement, Paris, Île-de-France, France métropolitaine, 75004, France;48.85293705;2.3500501225000026;;
;;124;Paris;Je Suis Né dans La Rue by Johnny Hallyday;pas de date;Cathédrale Notre-Dame de Paris, 6, Parvis Notre-Dame - Place Jean-Paul II, Quartier Les Îles, Paris 4e Arrondissement, Paris, Île-de-France, France métropolitaine, 75004, France;48.85293705;2.3500501225000026;;
;;125;Paris;J'ai deux amours by Josephine Baker;pas de date;Cathédrale Notre-Dame de Paris, 6, Parvis Notre-Dame - Place Jean-Paul II, Quartier Les Îles, Paris 4e Arrondissement, Paris, Île-de-France, France métropolitaine, 75004, France;48.85293705;2.3500501225000026;;
;;126;Paris;La cavalerie by Julien Clerc;pas de date;Cathédrale Notre-Dame de Paris, 6, Parvis Notre-Dame - Place Jean-Paul II, Quartier Les Îles, Paris 4e Arrondissement, Paris, Île-de-France, France métropolitaine, 75004, France;48.85293705;2.3500501225000026;;
;;127;Paris;Chou Wasabi by Julien Doré (Ft. Micky Green);2014-08-22;Cathédrale Notre-Dame de Paris, 6, Parvis Notre-Dame - Place Jean-Paul II, Quartier Les Îles, Paris 4e Arrondissement, Paris, Île-de-France, France métropolitaine, 75004, France;48.85293705;2.3500501225000026;;
;;128;Paris;Il n'y a plus d'après by Juliette Gréco;pas de date;Cathédrale Notre-Dame de Paris, 6, Parvis Notre-Dame - Place Jean-Paul II, Quartier Les Îles, Paris 4e Arrondissement, Paris, Île-de-France, France métropolitaine, 75004, France;48.85293705;2.3500501225000026;;
;;129;Paris;4Matic by Kaaris (Ft. Kalash Criminel);2016-11-11;Cathédrale Notre-Dame de Paris, 6, Parvis Notre-Dame - Place Jean-Paul II, Quartier Les Îles, Paris 4e Arrondissement, Paris, Île-de-France, France métropolitaine, 75004, France;48.85293705;2.3500501225000026;;
;;130;Paris;Hood by Kalash Criminel;2017-05-03;Cathédrale Notre-Dame de Paris, 6, Parvis Notre-Dame - Place Jean-Paul II, Quartier Les Îles, Paris 4e Arrondissement, Paris, Île-de-France, France métropolitaine, 75004, France;48.85293705;2.3500501225000026;;
;;131;Paris;Crise Cardiaque (clash La Fouine) by Kamelancien;pas de date;Cathédrale Notre-Dame de Paris, 6, Parvis Notre-Dame - Place Jean-Paul II, Quartier Les Îles, Paris 4e Arrondissement, Paris, Île-de-France, France métropolitaine, 75004, France;48.85293705;2.3500501225000026;;
;;132;Paris;Parivelib' by Katerine;pas de date;Cathédrale Notre-Dame de Paris, 6, Parvis Notre-Dame - Place Jean-Paul II, Quartier Les Îles, Paris 4e Arrondissement, Paris, Île-de-France, France métropolitaine, 75004, France;48.85293705;2.3500501225000026;;
;;133;Paris;Ferrari by KeBlack;2017-01-27;Cathédrale Notre-Dame de Paris, 6, Parvis Notre-Dame - Place Jean-Paul II, Quartier Les Îles, Paris 4e Arrondissement, Paris, Île-de-France, France métropolitaine, 75004, France;48.85293705;2.3500501225000026;;
;;134;Paris;Vivre La Vie by Kelly Joyce;pas de date;Cathédrale Notre-Dame de Paris, 6, Parvis Notre-Dame - Place Jean-Paul II, Quartier Les Îles, Paris 4e Arrondissement, Paris, Île-de-France, France métropolitaine, 75004, France;48.85293705;2.3500501225000026;;
;;135;Paris;Viens Chez Nous by Kendji Girac;pas de date;Cathédrale Notre-Dame de Paris, 6, Parvis Notre-Dame - Place Jean-Paul II, Quartier Les Îles, Paris 4e Arrondissement, Paris, Île-de-France, France métropolitaine, 75004, France;48.85293705;2.3500501225000026;;
;;136;Paris;Madame la Marquise by Keny Arkana;2017-06-02;Cathédrale Notre-Dame de Paris, 6, Parvis Notre-Dame - Place Jean-Paul II, Quartier Les Îles, Paris 4e Arrondissement, Paris, Île-de-France, France métropolitaine, 75004, France;48.85293705;2.3500501225000026;;
;;137;Paris;Le Bon Choix by Kenza Farah;2014-12-25;Cathédrale Notre-Dame de Paris, 6, Parvis Notre-Dame - Place Jean-Paul II, Quartier Les Îles, Paris 4e Arrondissement, Paris, Île-de-France, France métropolitaine, 75004, France;48.85293705;2.3500501225000026;;
;;138;Paris;Sous le signe du V by Klub des Loosers;2004-09-01;Cathédrale Notre-Dame de Paris, 6, Parvis Notre-Dame - Place Jean-Paul II, Quartier Les Îles, Paris 4e Arrondissement, Paris, Île-de-France, France métropolitaine, 75004, France;48.85293705;2.3500501225000026;;
;;139;Paris;Garçon by Koxie;2007-06-25;Cathédrale Notre-Dame de Paris, 6, Parvis Notre-Dame - Place Jean-Paul II, Quartier Les Îles, Paris 4e Arrondissement, Paris, Île-de-France, France métropolitaine, 75004, France;48.85293705;2.3500501225000026;;
;;140;Paris;Quitte Paris by La Bamboche;pas de date;Cathédrale Notre-Dame de Paris, 6, Parvis Notre-Dame - Place Jean-Paul II, Quartier Les Îles, Paris 4e Arrondissement, Paris, Île-de-France, France métropolitaine, 75004, France;48.85293705;2.3500501225000026;;
;;141;Paris;Les keufs me matent by Lady Laistee (Ft. FDY Phenomen);pas de date;Cathédrale Notre-Dame de Paris, 6, Parvis Notre-Dame - Place Jean-Paul II, Quartier Les Îles, Paris 4e Arrondissement, Paris, Île-de-France, France métropolitaine, 75004, France;48.85293705;2.3500501225000026;;
;;142;Paris;S.S.D by La Femme;2016-09-02;Cathédrale Notre-Dame de Paris, 6, Parvis Notre-Dame - Place Jean-Paul II, Quartier Les Îles, Paris 4e Arrondissement, Paris, Île-de-France, France métropolitaine, 75004, France;48.85293705;2.3500501225000026;;
;;143;Paris;Va Bene by La Fouine (Ft. Reda Taliani);2014-10-31;Cathédrale Notre-Dame de Paris, 6, Parvis Notre-Dame - Place Jean-Paul II, Quartier Les Îles, Paris 4e Arrondissement, Paris, Île-de-France, France métropolitaine, 75004, France;48.85293705;2.3500501225000026;;
;;144;Paris;Dis, quand reviendras-tu ? by La Grande Sophie;2009-01-26;Cathédrale Notre-Dame de Paris, 6, Parvis Notre-Dame - Place Jean-Paul II, Quartier Les Îles, Paris 4e Arrondissement, Paris, Île-de-France, France métropolitaine, 75004, France;48.85293705;2.3500501225000026;;
;;145;Paris;Bayna by L'Algérino (Ft. Nassi);pas de date;Cathédrale Notre-Dame de Paris, 6, Parvis Notre-Dame - Place Jean-Paul II, Quartier Les Îles, Paris 4e Arrondissement, Paris, Île-de-France, France métropolitaine, 75004, France;48.85293705;2.3500501225000026;;
;;146;Paris;Le Vol Des Cygnes by Laurent Lamarca;2018-04-06;Cathédrale Notre-Dame de Paris, 6, Parvis Notre-Dame - Place Jean-Paul II, Quartier Les Îles, Paris 4e Arrondissement, Paris, Île-de-France, France métropolitaine, 75004, France;48.85293705;2.3500501225000026;;
;;147;Paris;Karin Redinger by Laurent Voulzy;pas de date;Cathédrale Notre-Dame de Paris, 6, Parvis Notre-Dame - Place Jean-Paul II, Quartier Les Îles, Paris 4e Arrondissement, Paris, Île-de-France, France métropolitaine, 75004, France;48.85293705;2.3500501225000026;;
;;148;Paris;Cougars by Leeroy;2016-02-19;Cathédrale Notre-Dame de Paris, 6, Parvis Notre-Dame - Place Jean-Paul II, Quartier Les Îles, Paris 4e Arrondissement, Paris, Île-de-France, France métropolitaine, 75004, France;48.85293705;2.3500501225000026;;
;;149;Paris;Paris la Seine by Leny Escudero;pas de date;Cathédrale Notre-Dame de Paris, 6, Parvis Notre-Dame - Place Jean-Paul II, Quartier Les Îles, Paris 4e Arrondissement, Paris, Île-de-France, France métropolitaine, 75004, France;48.85293705;2.3500501225000026;;
;;150;Paris;Il n'y a plus rien by Léo Ferré;pas de date;Cathédrale Notre-Dame de Paris, 6, Parvis Notre-Dame - Place Jean-Paul II, Quartier Les Îles, Paris 4e Arrondissement, Paris, Île-de-France, France métropolitaine, 75004, France;48.85293705;2.3500501225000026;;
;;151;Paris;Dactylo Rock by Les Chaussettes Noires;pas de date;Cathédrale Notre-Dame de Paris, 6, Parvis Notre-Dame - Place Jean-Paul II, Quartier Les Îles, Paris 4e Arrondissement, Paris, Île-de-France, France métropolitaine, 75004, France;48.85293705;2.3500501225000026;;
;;152;Paris;Paris S'Endort by Lescop;pas de date;Cathédrale Notre-Dame de Paris, 6, Parvis Notre-Dame - Place Jean-Paul II, Quartier Les Îles, Paris 4e Arrondissement, Paris, Île-de-France, France métropolitaine, 75004, France;48.85293705;2.3500501225000026;;
;;153;Paris;Voilà l'Été by Les Négresses Vertes;pas de date;Cathédrale Notre-Dame de Paris, 6, Parvis Notre-Dame - Place Jean-Paul II, Quartier Les Îles, Paris 4e Arrondissement, Paris, Île-de-France, France métropolitaine, 75004, France;48.85293705;2.3500501225000026;;
;;154;Paris;Hôtel D'Angleterre by Liane Foly;pas de date;Cathédrale Notre-Dame de Paris, 6, Parvis Notre-Dame - Place Jean-Paul II, Quartier Les Îles, Paris 4e Arrondissement, Paris, Île-de-France, France métropolitaine, 75004, France;48.85293705;2.3500501225000026;;
;;155;Paris;Le Loir-et-Cher by Lilian Renaud;pas de date;Cathédrale Notre-Dame de Paris, 6, Parvis Notre-Dame - Place Jean-Paul II, Quartier Les Îles, Paris 4e Arrondissement, Paris, Île-de-France, France métropolitaine, 75004, France;48.85293705;2.3500501225000026;;
;;156;Paris;Bouclette by Line Renaud;pas de date;Cathédrale Notre-Dame de Paris, 6, Parvis Notre-Dame - Place Jean-Paul II, Quartier Les Îles, Paris 4e Arrondissement, Paris, Île-de-France, France métropolitaine, 75004, France;48.85293705;2.3500501225000026;;
;;157;Paris;Côté punk by Loïc Lantoine;2004-01-01;Cathédrale Notre-Dame de Paris, 6, Parvis Notre-Dame - Place Jean-Paul II, Quartier Les Îles, Paris 4e Arrondissement, Paris, Île-de-France, France métropolitaine, 75004, France;48.85293705;2.3500501225000026;;
;;158;Paris;Yeux disent by Lomepal;2017-06-19;Cathédrale Notre-Dame de Paris, 6, Parvis Notre-Dame - Place Jean-Paul II, Quartier Les Îles, Paris 4e Arrondissement, Paris, Île-de-France, France métropolitaine, 75004, France;48.85293705;2.3500501225000026;;
;;159;Paris;Marie-Jeanne-Gabrielle by Louis Capart;pas de date;Cathédrale Notre-Dame de Paris, 6, Parvis Notre-Dame - Place Jean-Paul II, Quartier Les Îles, Paris 4e Arrondissement, Paris, Île-de-France, France métropolitaine, 75004, France;48.85293705;2.3500501225000026;;
;;160;Paris;Mes insomnies by Louisy Joseph;pas de date;Cathédrale Notre-Dame de Paris, 6, Parvis Notre-Dame - Place Jean-Paul II, Quartier Les Îles, Paris 4e Arrondissement, Paris, Île-de-France, France métropolitaine, 75004, France;48.85293705;2.3500501225000026;;
;;161;Paris;H.L.M. by L'Skadrille;2006-01-26;Cathédrale Notre-Dame de Paris, 6, Parvis Notre-Dame - Place Jean-Paul II, Quartier Les Îles, Paris 4e Arrondissement, Paris, Île-de-France, France métropolitaine, 75004, France;48.85293705;2.3500501225000026;;
;;162;Paris;Vem Dançar Kuduro by Lucenzo (Ft. Big Ali);pas de date;Cathédrale Notre-Dame de Paris, 6, Parvis Notre-Dame - Place Jean-Paul II, Quartier Les Îles, Paris 4e Arrondissement, Paris, Île-de-France, France métropolitaine, 75004, France;48.85293705;2.3500501225000026;;
;;163;Paris;Le Moulin de la galette by Lucienne Delyle;pas de date;Cathédrale Notre-Dame de Paris, 6, Parvis Notre-Dame - Place Jean-Paul II, Quartier Les Îles, Paris 4e Arrondissement, Paris, Île-de-France, France métropolitaine, 75004, France;48.85293705;2.3500501225000026;;
;;164;Paris;C'Est Magnifique by Luis Mariano;pas de date;Cathédrale Notre-Dame de Paris, 6, Parvis Notre-Dame - Place Jean-Paul II, Quartier Les Îles, Paris 4e Arrondissement, Paris, Île-de-France, France métropolitaine, 75004, France;48.85293705;2.3500501225000026;;
;;165;Paris;Sang d'encre by Lunatic (Ft. Ärsenik);pas de date;Cathédrale Notre-Dame de Paris, 6, Parvis Notre-Dame - Place Jean-Paul II, Quartier Les Îles, Paris 4e Arrondissement, Paris, Île-de-France, France métropolitaine, 75004, France;48.85293705;2.3500501225000026;;
;;166;Paris;Complainte désabusée by Lys Gauty;pas de date;Cathédrale Notre-Dame de Paris, 6, Parvis Notre-Dame - Place Jean-Paul II, Quartier Les Îles, Paris 4e Arrondissement, Paris, Île-de-France, France métropolitaine, 75004, France;48.85293705;2.3500501225000026;;
;;167;Paris;Qui sait by Madame Monsieur;2018-04-20;Cathédrale Notre-Dame de Paris, 6, Parvis Notre-Dame - Place Jean-Paul II, Quartier Les Îles, Paris 4e Arrondissement, Paris, Île-de-France, France métropolitaine, 75004, France;48.85293705;2.3500501225000026;;
;;168;Paris;Rabzouz by Mafia K'1 Fry;2003-01-01;Cathédrale Notre-Dame de Paris, 6, Parvis Notre-Dame - Place Jean-Paul II, Quartier Les Îles, Paris 4e Arrondissement, Paris, Île-de-France, France métropolitaine, 75004, France;48.85293705;2.3500501225000026;;
;;169;Paris;L'Écolier Assassin by Malicorne;pas de date;Cathédrale Notre-Dame de Paris, 6, Parvis Notre-Dame - Place Jean-Paul II, Quartier Les Îles, Paris 4e Arrondissement, Paris, Île-de-France, France métropolitaine, 75004, France;48.85293705;2.3500501225000026;;
;;170;Paris;Fest noz de paname by Manau;pas de date;Cathédrale Notre-Dame de Paris, 6, Parvis Notre-Dame - Place Jean-Paul II, Quartier Les Îles, Paris 4e Arrondissement, Paris, Île-de-France, France métropolitaine, 75004, France;48.85293705;2.3500501225000026;;
;;171;Paris;Ronde De Nuit by Mano Negra;1988-01-01;Cathédrale Notre-Dame de Paris, 6, Parvis Notre-Dame - Place Jean-Paul II, Quartier Les Îles, Paris 4e Arrondissement, Paris, Île-de-France, France métropolitaine, 75004, France;48.85293705;2.3500501225000026;;
;;172;Paris;Je suis venu vous voir by Mano Solo;pas de date;Cathédrale Notre-Dame de Paris, 6, Parvis Notre-Dame - Place Jean-Paul II, Quartier Les Îles, Paris 4e Arrondissement, Paris, Île-de-France, France métropolitaine, 75004, France;48.85293705;2.3500501225000026;;
;;173;Paris;Paris by Marc Lavoine;pas de date;Cathédrale Notre-Dame de Paris, 6, Parvis Notre-Dame - Place Jean-Paul II, Quartier Les Îles, Paris 4e Arrondissement, Paris, Île-de-France, France métropolitaine, 75004, France;48.85293705;2.3500501225000026;;
;;174;Paris;Richard Toll by Marie Laforêt;pas de date;Cathédrale Notre-Dame de Paris, 6, Parvis Notre-Dame - Place Jean-Paul II, Quartier Les Îles, Paris 4e Arrondissement, Paris, Île-de-France, France métropolitaine, 75004, France;48.85293705;2.3500501225000026;;
;;175;Paris;Les bigoudis by Marie-Paule Belle;pas de date;Cathédrale Notre-Dame de Paris, 6, Parvis Notre-Dame - Place Jean-Paul II, Quartier Les Îles, Paris 4e Arrondissement, Paris, Île-de-France, France métropolitaine, 75004, France;48.85293705;2.3500501225000026;;
;;176;Paris;Panorama by Marvin Jouno;2016-03-11;Cathédrale Notre-Dame de Paris, 6, Parvis Notre-Dame - Place Jean-Paul II, Quartier Les Îles, Paris 4e Arrondissement, Paris, Île-de-France, France métropolitaine, 75004, France;48.85293705;2.3500501225000026;;
;;177;Paris;Remontada by Marwa Loud;2018-03-09;Cathédrale Notre-Dame de Paris, 6, Parvis Notre-Dame - Place Jean-Paul II, Quartier Les Îles, Paris 4e Arrondissement, Paris, Île-de-France, France métropolitaine, 75004, France;48.85293705;2.3500501225000026;;
;;178;Paris;Petit a petit b by Mathieu Boogaerts;pas de date;Cathédrale Notre-Dame de Paris, 6, Parvis Notre-Dame - Place Jean-Paul II, Quartier Les Îles, Paris 4e Arrondissement, Paris, Île-de-France, France métropolitaine, 75004, France;48.85293705;2.3500501225000026;;
;;179;Paris;Je t'ai cherchée by Mathieu Saïkaly;2015-09-28;Cathédrale Notre-Dame de Paris, 6, Parvis Notre-Dame - Place Jean-Paul II, Quartier Les Îles, Paris 4e Arrondissement, Paris, Île-de-France, France métropolitaine, 75004, France;48.85293705;2.3500501225000026;;
;;180;Paris;Casi el silencio by Matmatah;pas de date;Cathédrale Notre-Dame de Paris, 6, Parvis Notre-Dame - Place Jean-Paul II, Quartier Les Îles, Paris 4e Arrondissement, Paris, Île-de-France, France métropolitaine, 75004, France;48.85293705;2.3500501225000026;;
;;181;Paris;Ca Sent Si Bon La France by Maurice Chevalier;pas de date;Cathédrale Notre-Dame de Paris, 6, Parvis Notre-Dame - Place Jean-Paul II, Quartier Les Îles, Paris 4e Arrondissement, Paris, Île-de-France, France métropolitaine, 75004, France;48.85293705;2.3500501225000026;;
;;182;Paris;Il Y A Si Peu De Temps by Maurice Fanon;pas de date;Cathédrale Notre-Dame de Paris, 6, Parvis Notre-Dame - Place Jean-Paul II, Quartier Les Îles, Paris 4e Arrondissement, Paris, Île-de-France, France métropolitaine, 75004, France;48.85293705;2.3500501225000026;;
;;183;Paris;J'aime les moches by Max Boublil;pas de date;Cathédrale Notre-Dame de Paris, 6, Parvis Notre-Dame - Place Jean-Paul II, Quartier Les Îles, Paris 4e Arrondissement, Paris, Île-de-France, France métropolitaine, 75004, France;48.85293705;2.3500501225000026;;
;;184;Paris;Né quelque part by Maxime Le Forestier;pas de date;Cathédrale Notre-Dame de Paris, 6, Parvis Notre-Dame - Place Jean-Paul II, Quartier Les Îles, Paris 4e Arrondissement, Paris, Île-de-France, France métropolitaine, 75004, France;48.85293705;2.3500501225000026;;
;;185;Paris;Obsolète by MC Solaar;1994-02-07;Cathédrale Notre-Dame de Paris, 6, Parvis Notre-Dame - Place Jean-Paul II, Quartier Les Îles, Paris 4e Arrondissement, Paris, Île-de-France, France métropolitaine, 75004, France;48.85293705;2.3500501225000026;;
;;186;Paris;La Crapule by Melissmell;pas de date;Cathédrale Notre-Dame de Paris, 6, Parvis Notre-Dame - Place Jean-Paul II, Quartier Les Îles, Paris 4e Arrondissement, Paris, Île-de-France, France métropolitaine, 75004, France;48.85293705;2.3500501225000026;;
;;187;Paris;Un monstre à Paris by -M- (FRA);2011-10-12;Cathédrale Notre-Dame de Paris, 6, Parvis Notre-Dame - Place Jean-Paul II, Quartier Les Îles, Paris 4e Arrondissement, Paris, Île-de-France, France métropolitaine, 75004, France;48.85293705;2.3500501225000026;;
;;188;Paris;Si maman si by Michel Berger;pas de date;Cathédrale Notre-Dame de Paris, 6, Parvis Notre-Dame - Place Jean-Paul II, Quartier Les Îles, Paris 4e Arrondissement, Paris, Île-de-France, France métropolitaine, 75004, France;48.85293705;2.3500501225000026;;
;;189;Paris;Le Loir Et Cher by Michel Delpech;pas de date;Cathédrale Notre-Dame de Paris, 6, Parvis Notre-Dame - Place Jean-Paul II, Quartier Les Îles, Paris 4e Arrondissement, Paris, Île-de-France, France métropolitaine, 75004, France;48.85293705;2.3500501225000026;;
;;190;Paris;Jamais je ne t'oublierai by Michel Fugain;pas de date;Cathédrale Notre-Dame de Paris, 6, Parvis Notre-Dame - Place Jean-Paul II, Quartier Les Îles, Paris 4e Arrondissement, Paris, Île-de-France, France métropolitaine, 75004, France;48.85293705;2.3500501225000026;;
;;191;Paris;Groove Baby Groove by Michel Jonasz;pas de date;Cathédrale Notre-Dame de Paris, 6, Parvis Notre-Dame - Place Jean-Paul II, Quartier Les Îles, Paris 4e Arrondissement, Paris, Île-de-France, France métropolitaine, 75004, France;48.85293705;2.3500501225000026;;
;;192;Paris;Je Suis Un Homme by Michel Polnareff;pas de date;Cathédrale Notre-Dame de Paris, 6, Parvis Notre-Dame - Place Jean-Paul II, Quartier Les Îles, Paris 4e Arrondissement, Paris, Île-de-France, France métropolitaine, 75004, France;48.85293705;2.3500501225000026;;
;;193;Paris;Le figurant by Michel Sardou;pas de date;Cathédrale Notre-Dame de Paris, 6, Parvis Notre-Dame - Place Jean-Paul II, Quartier Les Îles, Paris 4e Arrondissement, Paris, Île-de-France, France métropolitaine, 75004, France;48.85293705;2.3500501225000026;;
;;194;Paris;2-3 Jours à Paris by Mickey 3D;pas de date;Cathédrale Notre-Dame de Paris, 6, Parvis Notre-Dame - Place Jean-Paul II, Quartier Les Îles, Paris 4e Arrondissement, Paris, Île-de-France, France métropolitaine, 75004, France;48.85293705;2.3500501225000026;;
;;195;Paris;Un gamin de paris by Mick micheyl;pas de date;Cathédrale Notre-Dame de Paris, 6, Parvis Notre-Dame - Place Jean-Paul II, Quartier Les Îles, Paris 4e Arrondissement, Paris, Île-de-France, France métropolitaine, 75004, France;48.85293705;2.3500501225000026;;
;;196;Paris;Paris Tropical by Minuit;pas de date;Cathédrale Notre-Dame de Paris, 6, Parvis Notre-Dame - Place Jean-Paul II, Quartier Les Îles, Paris 4e Arrondissement, Paris, Île-de-France, France métropolitaine, 75004, France;48.85293705;2.3500501225000026;;
;;197;Paris;Tout pour le gang by MMZ;2016-05-22;Cathédrale Notre-Dame de Paris, 6, Parvis Notre-Dame - Place Jean-Paul II, Quartier Les Îles, Paris 4e Arrondissement, Paris, Île-de-France, France métropolitaine, 75004, France;48.85293705;2.3500501225000026;;
;;198;Paris;Michetonneuse by Morsay;pas de date;Cathédrale Notre-Dame de Paris, 6, Parvis Notre-Dame - Place Jean-Paul II, Quartier Les Îles, Paris 4e Arrondissement, Paris, Île-de-France, France métropolitaine, 75004, France;48.85293705;2.3500501225000026;;
;;199;Paris;Danse pour moi by M. Pokora;pas de date;Cathédrale Notre-Dame de Paris, 6, Parvis Notre-Dame - Place Jean-Paul II, Quartier Les Îles, Paris 4e Arrondissement, Paris, Île-de-France, France métropolitaine, 75004, France;48.85293705;2.3500501225000026;;
;;200;Paris;Noir c'est noir by MZ;2016-04-22;Cathédrale Notre-Dame de Paris, 6, Parvis Notre-Dame - Place Jean-Paul II, Quartier Les Îles, Paris 4e Arrondissement, Paris, Île-de-France, France métropolitaine, 75004, France;48.85293705;2.3500501225000026;;
;;201;Paris;T'as cliqué by Naps (Ft. Graya & YL);2016-05-25;Cathédrale Notre-Dame de Paris, 6, Parvis Notre-Dame - Place Jean-Paul II, Quartier Les Îles, Paris 4e Arrondissement, Paris, Île-de-France, France métropolitaine, 75004, France;48.85293705;2.3500501225000026;;
;;202;Paris;Cathy Paris by Natoo (Ft. Kemar);2017-06-18;Cathédrale Notre-Dame de Paris, 6, Parvis Notre-Dame - Place Jean-Paul II, Quartier Les Îles, Paris 4e Arrondissement, Paris, Île-de-France, France métropolitaine, 75004, France;48.85293705;2.3500501225000026;;
;;203;Paris;Goutte d'eau by Ninho;2019-02-21;Cathédrale Notre-Dame de Paris, 6, Parvis Notre-Dame - Place Jean-Paul II, Quartier Les Îles, Paris 4e Arrondissement, Paris, Île-de-France, France métropolitaine, 75004, France;48.85293705;2.3500501225000026;;
;;204;Paris;Cala Boca by Niska (Ft. Gradur);2016-06-03;Cathédrale Notre-Dame de Paris, 6, Parvis Notre-Dame - Place Jean-Paul II, Quartier Les Îles, Paris 4e Arrondissement, Paris, Île-de-France, France métropolitaine, 75004, France;48.85293705;2.3500501225000026;;
;;205;Paris;L'Homme Pressé by Noir Désir;1996-11-11;Cathédrale Notre-Dame de Paris, 6, Parvis Notre-Dame - Place Jean-Paul II, Quartier Les Îles, Paris 4e Arrondissement, Paris, Île-de-France, France métropolitaine, 75004, France;48.85293705;2.3500501225000026;;
;;206;Paris;Week-end a Rome (feat. Vanessa Paradis) by Nouvelle Vague;pas de date;Cathédrale Notre-Dame de Paris, 6, Parvis Notre-Dame - Place Jean-Paul II, Quartier Les Îles, Paris 4e Arrondissement, Paris, Île-de-France, France métropolitaine, 75004, France;48.85293705;2.3500501225000026;;
;;207;Paris;Elles dansent by Nuttea;pas de date;Cathédrale Notre-Dame de Paris, 6, Parvis Notre-Dame - Place Jean-Paul II, Quartier Les Îles, Paris 4e Arrondissement, Paris, Île-de-France, France métropolitaine, 75004, France;48.85293705;2.3500501225000026;;
;;208;Paris;Week-end à Meda by Octobre Rouge;2002-09-03;Cathédrale Notre-Dame de Paris, 6, Parvis Notre-Dame - Place Jean-Paul II, Quartier Les Îles, Paris 4e Arrondissement, Paris, Île-de-France, France métropolitaine, 75004, France;48.85293705;2.3500501225000026;;
;;209;Paris;Saxophone by Odezenne;2012-03-22;Cathédrale Notre-Dame de Paris, 6, Parvis Notre-Dame - Place Jean-Paul II, Quartier Les Îles, Paris 4e Arrondissement, Paris, Île-de-France, France métropolitaine, 75004, France;48.85293705;2.3500501225000026;;
;;210;Paris;Le café by Oldelaf;pas de date;Cathédrale Notre-Dame de Paris, 6, Parvis Notre-Dame - Place Jean-Paul II, Quartier Les Îles, Paris 4e Arrondissement, Paris, Île-de-France, France métropolitaine, 75004, France;48.85293705;2.3500501225000026;;
;;211;Paris;Larmes de crocodile by Olivia Ruiz;pas de date;Cathédrale Notre-Dame de Paris, 6, Parvis Notre-Dame - Place Jean-Paul II, Quartier Les Îles, Paris 4e Arrondissement, Paris, Île-de-France, France métropolitaine, 75004, France;48.85293705;2.3500501225000026;;
;;212;Paris;La Petite Marchande De Portes-Clefs by OrelSan;2011-09-26;Cathédrale Notre-Dame de Paris, 6, Parvis Notre-Dame - Place Jean-Paul II, Quartier Les Îles, Paris 4e Arrondissement, Paris, Île-de-France, France métropolitaine, 75004, France;48.85293705;2.3500501225000026;;
;;213;Paris;Mise à nu by Pauline Croze;2005-02-14;Cathédrale Notre-Dame de Paris, 6, Parvis Notre-Dame - Place Jean-Paul II, Quartier Les Îles, Paris 4e Arrondissement, Paris, Île-de-France, France métropolitaine, 75004, France;48.85293705;2.3500501225000026;;
;;214;Paris;New York Sous La Pluie by Phil Barney;pas de date;Cathédrale Notre-Dame de Paris, 6, Parvis Notre-Dame - Place Jean-Paul II, Quartier Les Îles, Paris 4e Arrondissement, Paris, Île-de-France, France métropolitaine, 75004, France;48.85293705;2.3500501225000026;;
;;215;Paris;Elle Tricote Des Pulls Pour Personne by Philippe Lavil;pas de date;Cathédrale Notre-Dame de Paris, 6, Parvis Notre-Dame - Place Jean-Paul II, Quartier Les Îles, Paris 4e Arrondissement, Paris, Île-de-France, France métropolitaine, 75004, France;48.85293705;2.3500501225000026;;
;;216;Paris;Vingt ans by Pierre Bachelet;pas de date;Cathédrale Notre-Dame de Paris, 6, Parvis Notre-Dame - Place Jean-Paul II, Quartier Les Îles, Paris 4e Arrondissement, Paris, Île-de-France, France métropolitaine, 75004, France;48.85293705;2.3500501225000026;;
;;217;Paris;Le tord-boyaux by Pierre Perret;pas de date;Cathédrale Notre-Dame de Paris, 6, Parvis Notre-Dame - Place Jean-Paul II, Quartier Les Îles, Paris 4e Arrondissement, Paris, Île-de-France, France métropolitaine, 75004, France;48.85293705;2.3500501225000026;;
;;218;Paris;Film by Pierre Vassiliu;pas de date;Cathédrale Notre-Dame de Paris, 6, Parvis Notre-Dame - Place Jean-Paul II, Quartier Les Îles, Paris 4e Arrondissement, Paris, Île-de-France, France métropolitaine, 75004, France;48.85293705;2.3500501225000026;;
;;219;Paris;Riquita by Plana Georgette;pas de date;Cathédrale Notre-Dame de Paris, 6, Parvis Notre-Dame - Place Jean-Paul II, Quartier Les Îles, Paris 4e Arrondissement, Paris, Île-de-France, France métropolitaine, 75004, France;48.85293705;2.3500501225000026;;
;;220;Paris;Hexagone by Renaud;1975-04-03;Cathédrale Notre-Dame de Paris, 6, Parvis Notre-Dame - Place Jean-Paul II, Quartier Les Îles, Paris 4e Arrondissement, Paris, Île-de-France, France métropolitaine, 75004, France;48.85293705;2.3500501225000026;;
;;221;Paris;Paris canaille... Paris racaille by Rouda (Ft. 129H);2007-10-25;Cathédrale Notre-Dame de Paris, 6, Parvis Notre-Dame - Place Jean-Paul II, Quartier Les Îles, Paris 4e Arrondissement, Paris, Île-de-France, France métropolitaine, 75004, France;48.85293705;2.3500501225000026;;
;;222;Paris;Monsieur Cannibale by Sacha Distel;pas de date;Cathédrale Notre-Dame de Paris, 6, Parvis Notre-Dame - Place Jean-Paul II, Quartier Les Îles, Paris 4e Arrondissement, Paris, Île-de-France, France métropolitaine, 75004, France;48.85293705;2.3500501225000026;;
;;223;Paris;10 Jours Avant Paris by Sanseverino;pas de date;Cathédrale Notre-Dame de Paris, 6, Parvis Notre-Dame - Place Jean-Paul II, Quartier Les Îles, Paris 4e Arrondissement, Paris, Île-de-France, France métropolitaine, 75004, France;48.85293705;2.3500501225000026;;
;;224;Paris;Train de Paris by Sapho;pas de date;Cathédrale Notre-Dame de Paris, 6, Parvis Notre-Dame - Place Jean-Paul II, Quartier Les Îles, Paris 4e Arrondissement, Paris, Île-de-France, France métropolitaine, 75004, France;48.85293705;2.3500501225000026;;
;;225;Paris;Titulaires by SDM (Ft. Koba LaD);2020-09-11;Cathédrale Notre-Dame de Paris, 6, Parvis Notre-Dame - Place Jean-Paul II, Quartier Les Îles, Paris 4e Arrondissement, Paris, Île-de-France, France métropolitaine, 75004, France;48.85293705;2.3500501225000026;;
;;226;Paris;Rue Vivienne by Seemone;2020-10-02;Cathédrale Notre-Dame de Paris, 6, Parvis Notre-Dame - Place Jean-Paul II, Quartier Les Îles, Paris 4e Arrondissement, Paris, Île-de-France, France métropolitaine, 75004, France;48.85293705;2.3500501225000026;;
;;227;Paris;La vie qui va avec by Sefyu (Ft. Kuamen (NCC));pas de date;Cathédrale Notre-Dame de Paris, 6, Parvis Notre-Dame - Place Jean-Paul II, Quartier Les Îles, Paris 4e Arrondissement, Paris, Île-de-France, France métropolitaine, 75004, France;48.85293705;2.3500501225000026;;
;;228;Paris;69 année érotique by Serge Gainsbourg;pas de date;Cathédrale Notre-Dame de Paris, 6, Parvis Notre-Dame - Place Jean-Paul II, Quartier Les Îles, Paris 4e Arrondissement, Paris, Île-de-France, France métropolitaine, 75004, France;48.85293705;2.3500501225000026;;
;;229;Paris;Femme Femme Femme by Serge Lama;pas de date;Cathédrale Notre-Dame de Paris, 6, Parvis Notre-Dame - Place Jean-Paul II, Quartier Les Îles, Paris 4e Arrondissement, Paris, Île-de-France, France métropolitaine, 75004, France;48.85293705;2.3500501225000026;;
;;230;Paris;Je reviendrai by Sheryfa Luna;pas de date;Cathédrale Notre-Dame de Paris, 6, Parvis Notre-Dame - Place Jean-Paul II, Quartier Les Îles, Paris 4e Arrondissement, Paris, Île-de-France, France métropolitaine, 75004, France;48.85293705;2.3500501225000026;;
;;231;Paris;On s'en va by Shy’m;2014-11-24;Cathédrale Notre-Dame de Paris, 6, Parvis Notre-Dame - Place Jean-Paul II, Quartier Les Îles, Paris 4e Arrondissement, Paris, Île-de-France, France métropolitaine, 75004, France;48.85293705;2.3500501225000026;;
;;232;Paris;I Love Paris by Singuila;2017-04-21;Cathédrale Notre-Dame de Paris, 6, Parvis Notre-Dame - Place Jean-Paul II, Quartier Les Îles, Paris 4e Arrondissement, Paris, Île-de-France, France métropolitaine, 75004, France;48.85293705;2.3500501225000026;;
;;233;Paris;Down From Here by Sloane;2020-07-24;Cathédrale Notre-Dame de Paris, 6, Parvis Notre-Dame - Place Jean-Paul II, Quartier Les Îles, Paris 4e Arrondissement, Paris, Île-de-France, France métropolitaine, 75004, France;48.85293705;2.3500501225000026;;
;;234;Paris;Panam All Starz by Sniper (Ft. 113, Diam's, G-Kill, Haroun, L'Skadrille, Mano Kid Mesa, Salif, Sinik, Tandem & Zoxea);2003-09-15;Cathédrale Notre-Dame de Paris, 6, Parvis Notre-Dame - Place Jean-Paul II, Quartier Les Îles, Paris 4e Arrondissement, Paris, Île-de-France, France métropolitaine, 75004, France;48.85293705;2.3500501225000026;;
;;235;Paris;Toka by Sofiane;2017-04-07;Cathédrale Notre-Dame de Paris, 6, Parvis Notre-Dame - Place Jean-Paul II, Quartier Les Îles, Paris 4e Arrondissement, Paris, Île-de-France, France métropolitaine, 75004, France;48.85293705;2.3500501225000026;;
;;236;Paris;Ti Amo by Soprano;2014-10-13;Cathédrale Notre-Dame de Paris, 6, Parvis Notre-Dame - Place Jean-Paul II, Quartier Les Îles, Paris 4e Arrondissement, Paris, Île-de-France, France métropolitaine, 75004, France;48.85293705;2.3500501225000026;;
;;237;Paris;French Romance by Soviet Suprem;pas de date;Cathédrale Notre-Dame de Paris, 6, Parvis Notre-Dame - Place Jean-Paul II, Quartier Les Îles, Paris 4e Arrondissement, Paris, Île-de-France, France métropolitaine, 75004, France;48.85293705;2.3500501225000026;;
;;238;Paris;Freestyle de potes by Squeezie (Ft. Maxenss & SEB);2018-05-04;Cathédrale Notre-Dame de Paris, 6, Parvis Notre-Dame - Place Jean-Paul II, Quartier Les Îles, Paris 4e Arrondissement, Paris, Île-de-France, France métropolitaine, 75004, France;48.85293705;2.3500501225000026;;
;;239;Paris;Le rap est ma vie by Sté Strausz (Ft. Noneemoos);pas de date;Cathédrale Notre-Dame de Paris, 6, Parvis Notre-Dame - Place Jean-Paul II, Quartier Les Îles, Paris 4e Arrondissement, Paris, Île-de-France, France métropolitaine, 75004, France;48.85293705;2.3500501225000026;;
;;240;Paris;Travel the world by Superbus;2006-10-15;Cathédrale Notre-Dame de Paris, 6, Parvis Notre-Dame - Place Jean-Paul II, Quartier Les Îles, Paris 4e Arrondissement, Paris, Île-de-France, France métropolitaine, 75004, France;48.85293705;2.3500501225000026;;
;;241;Paris;Suzane by Suzane;2019-01-24;Cathédrale Notre-Dame de Paris, 6, Parvis Notre-Dame - Place Jean-Paul II, Quartier Les Îles, Paris 4e Arrondissement, Paris, Île-de-France, France métropolitaine, 75004, France;48.85293705;2.3500501225000026;;
;;242;Paris;La Maritza by Sylvie Vartan;pas de date;Cathédrale Notre-Dame de Paris, 6, Parvis Notre-Dame - Place Jean-Paul II, Quartier Les Îles, Paris 4e Arrondissement, Paris, Île-de-France, France métropolitaine, 75004, France;48.85293705;2.3500501225000026;;
;;243;Paris;Paris by Taxi Girl;pas de date;Cathédrale Notre-Dame de Paris, 6, Parvis Notre-Dame - Place Jean-Paul II, Quartier Les Îles, Paris 4e Arrondissement, Paris, Île-de-France, France métropolitaine, 75004, France;48.85293705;2.3500501225000026;;
;;244;Paris;Ne me touchez pas by Tayc (Ft. DJ Did);pas de date;Cathédrale Notre-Dame de Paris, 6, Parvis Notre-Dame - Place Jean-Paul II, Quartier Les Îles, Paris 4e Arrondissement, Paris, Île-de-France, France métropolitaine, 75004, France;48.85293705;2.3500501225000026;;
;;245;Paris;Intro by Team BS;2014-02-24;Cathédrale Notre-Dame de Paris, 6, Parvis Notre-Dame - Place Jean-Paul II, Quartier Les Îles, Paris 4e Arrondissement, Paris, Île-de-France, France métropolitaine, 75004, France;48.85293705;2.3500501225000026;;
;;246;Paris;Jamais by Tessa B.;2018-07-06;Cathédrale Notre-Dame de Paris, 6, Parvis Notre-Dame - Place Jean-Paul II, Quartier Les Îles, Paris 4e Arrondissement, Paris, Île-de-France, France métropolitaine, 75004, France;48.85293705;2.3500501225000026;;
;;247;Paris;De ce côté-ci du bonheur by Tété (FRA);pas de date;Cathédrale Notre-Dame de Paris, 6, Parvis Notre-Dame - Place Jean-Paul II, Quartier Les Îles, Paris 4e Arrondissement, Paris, Île-de-France, France métropolitaine, 75004, France;48.85293705;2.3500501225000026;;
;;248;Paris;L'Iditenté by Têtes Raides;pas de date;Cathédrale Notre-Dame de Paris, 6, Parvis Notre-Dame - Place Jean-Paul II, Quartier Les Îles, Paris 4e Arrondissement, Paris, Île-de-France, France métropolitaine, 75004, France;48.85293705;2.3500501225000026;;
;;249;Paris;2016 (En ce temps-là) by The Pirouettes;2016-09-16;Cathédrale Notre-Dame de Paris, 6, Parvis Notre-Dame - Place Jean-Paul II, Quartier Les Îles, Paris 4e Arrondissement, Paris, Île-de-France, France métropolitaine, 75004, France;48.85293705;2.3500501225000026;;
;;250;Paris;Magic Music by Thierry Pastor;pas de date;Cathédrale Notre-Dame de Paris, 6, Parvis Notre-Dame - Place Jean-Paul II, Quartier Les Îles, Paris 4e Arrondissement, Paris, Île-de-France, France métropolitaine, 75004, France;48.85293705;2.3500501225000026;;
;;251;Paris;Au café de la paix by Thomas Fersen;pas de date;Cathédrale Notre-Dame de Paris, 6, Parvis Notre-Dame - Place Jean-Paul II, Quartier Les Îles, Paris 4e Arrondissement, Paris, Île-de-France, France métropolitaine, 75004, France;48.85293705;2.3500501225000026;;
;;252;Paris;Paris voici paris by Tino Rossi;pas de date;Cathédrale Notre-Dame de Paris, 6, Parvis Notre-Dame - Place Jean-Paul II, Quartier Les Îles, Paris 4e Arrondissement, Paris, Île-de-France, France métropolitaine, 75004, France;48.85293705;2.3500501225000026;;
;;253;Paris;Kerfank by Tri Yann;pas de date;Cathédrale Notre-Dame de Paris, 6, Parvis Notre-Dame - Place Jean-Paul II, Quartier Les Îles, Paris 4e Arrondissement, Paris, Île-de-France, France métropolitaine, 75004, France;48.85293705;2.3500501225000026;;
;;254;Paris;Maussade by Tsew The Kid;2020-03-04;Cathédrale Notre-Dame de Paris, 6, Parvis Notre-Dame - Place Jean-Paul II, Quartier Les Îles, Paris 4e Arrondissement, Paris, Île-de-France, France métropolitaine, 75004, France;48.85293705;2.3500501225000026;;
;;255;Paris;Bouteille à la Seine by TSR Crew;2015-04-13;Cathédrale Notre-Dame de Paris, 6, Parvis Notre-Dame - Place Jean-Paul II, Quartier Les Îles, Paris 4e Arrondissement, Paris, Île-de-France, France métropolitaine, 75004, France;48.85293705;2.3500501225000026;;
;;256;Paris;Ne me déteste pas by Vald;2018-02-02;Cathédrale Notre-Dame de Paris, 6, Parvis Notre-Dame - Place Jean-Paul II, Quartier Les Îles, Paris 4e Arrondissement, Paris, Île-de-France, France métropolitaine, 75004, France;48.85293705;2.3500501225000026;;
;;257;Paris;Papa Paris by Vanessa Paradis;pas de date;Cathédrale Notre-Dame de Paris, 6, Parvis Notre-Dame - Place Jean-Paul II, Quartier Les Îles, Paris 4e Arrondissement, Paris, Île-de-France, France métropolitaine, 75004, France;48.85293705;2.3500501225000026;;
;;258;Paris;Pour de vrai by Vianney;2020-10-30;Cathédrale Notre-Dame de Paris, 6, Parvis Notre-Dame - Place Jean-Paul II, Quartier Les Îles, Paris 4e Arrondissement, Paris, Île-de-France, France métropolitaine, 75004, France;48.85293705;2.3500501225000026;;
;;259;Paris;Elle du matin lui du soir by Vincent Baguian;pas de date;Cathédrale Notre-Dame de Paris, 6, Parvis Notre-Dame - Place Jean-Paul II, Quartier Les Îles, Paris 4e Arrondissement, Paris, Île-de-France, France métropolitaine, 75004, France;48.85293705;2.3500501225000026;;
;;260;Paris;Et François de Roubaix dans le dos by Vincent Delerm;pas de date;Cathédrale Notre-Dame de Paris, 6, Parvis Notre-Dame - Place Jean-Paul II, Quartier Les Îles, Paris 4e Arrondissement, Paris, Île-de-France, France métropolitaine, 75004, France;48.85293705;2.3500501225000026;;
;;261;Paris;Avoir La Vie Devant Soi by Wallen;2004-10-19;Cathédrale Notre-Dame de Paris, 6, Parvis Notre-Dame - Place Jean-Paul II, Quartier Les Îles, Paris 4e Arrondissement, Paris, Île-de-France, France métropolitaine, 75004, France;48.85293705;2.3500501225000026;;
;;262;Paris;Le quartier by William Baldé;pas de date;Cathédrale Notre-Dame de Paris, 6, Parvis Notre-Dame - Place Jean-Paul II, Quartier Les Îles, Paris 4e Arrondissement, Paris, Île-de-France, France métropolitaine, 75004, France;48.85293705;2.3500501225000026;;
;;263;Paris;Photos souvenirs by William Sheller;pas de date;Cathédrale Notre-Dame de Paris, 6, Parvis Notre-Dame - Place Jean-Paul II, Quartier Les Îles, Paris 4e Arrondissement, Paris, Île-de-France, France métropolitaine, 75004, France;48.85293705;2.3500501225000026;;
;;264;Paris;#1 Number One (Si tu le veux) by Willy Denzey;2003-11-17;Cathédrale Notre-Dame de Paris, 6, Parvis Notre-Dame - Place Jean-Paul II, Quartier Les Îles, Paris 4e Arrondissement, Paris, Île-de-France, France métropolitaine, 75004, France;48.85293705;2.3500501225000026;;
;;265;Paris;Ma Pomme by Yannick Noah;2014-02-21;Cathédrale Notre-Dame de Paris, 6, Parvis Notre-Dame - Place Jean-Paul II, Quartier Les Îles, Paris 4e Arrondissement, Paris, Île-de-France, France métropolitaine, 75004, France;48.85293705;2.3500501225000026;;
;;266;Paris;Tombée Des Nues by Yves Duteil;pas de date;Cathédrale Notre-Dame de Paris, 6, Parvis Notre-Dame - Place Jean-Paul II, Quartier Les Îles, Paris 4e Arrondissement, Paris, Île-de-France, France métropolitaine, 75004, France;48.85293705;2.3500501225000026;;
;;267;Paris;Les Grands Boulevards by Yves Montand;pas de date;Cathédrale Notre-Dame de Paris, 6, Parvis Notre-Dame - Place Jean-Paul II, Quartier Les Îles, Paris 4e Arrondissement, Paris, Île-de-France, France métropolitaine, 75004, France;48.85293705;2.3500501225000026;;
;;268;Paris;L'aérogramme de Los Angeles by Yves Simon;1975-01-01;Cathédrale Notre-Dame de Paris, 6, Parvis Notre-Dame - Place Jean-Paul II, Quartier Les Îles, Paris 4e Arrondissement, Paris, Île-de-France, France métropolitaine, 75004, France;48.85293705;2.3500501225000026;;
;;269;Paris;Après la pluie by Zazie;2020-04-10;Cathédrale Notre-Dame de Paris, 6, Parvis Notre-Dame - Place Jean-Paul II, Quartier Les Îles, Paris 4e Arrondissement, Paris, Île-de-France, France métropolitaine, 75004, France;48.85293705;2.3500501225000026;;
;;270;Paris;#Frenchmen - Saison 2 - Zed Yun Pavarotti by Zed Yun Pavarotti;2018-11-28;Cathédrale Notre-Dame de Paris, 6, Parvis Notre-Dame - Place Jean-Paul II, Quartier Les Îles, Paris 4e Arrondissement, Paris, Île-de-France, France métropolitaine, 75004, France;48.85293705;2.3500501225000026;;
;;271;Seine;Truc de fou by 113 (Ft. Doudou Masta);1998-01-01;Parc Rives de Seine - Georges Pompidou, Quartier Saint-Merri, Paris 4e Arrondissement, Paris, Île-de-France, France métropolitaine, 75004, France;48.8564877;2.3490133;;
;;272;Seine;Binks by 13 Block;2018-04-06;Parc Rives de Seine - Georges Pompidou, Quartier Saint-Merri, Paris 4e Arrondissement, Paris, Île-de-France, France métropolitaine, 75004, France;48.8564877;2.3490133;;
;;273;Seine;Freestyle d'enfoirés by 75ème Session x Panama Bende x 13 Sarkastick (Ft. Dilou, Di-Meh & Ormaz);2014-04-20;Parc Rives de Seine - Georges Pompidou, Quartier Saint-Merri, Paris 4e Arrondissement, Paris, Île-de-France, France métropolitaine, 75004, France;48.8564877;2.3490133;;
;;274;Seine;Ouais ouais ouais by A2H (Ft. Titan (FRA));2017-02-24;Parc Rives de Seine - Georges Pompidou, Quartier Saint-Merri, Paris 4e Arrondissement, Paris, Île-de-France, France métropolitaine, 75004, France;48.8564877;2.3490133;;
;;275;Seine;Une guitare un citoyen by Alain Souchon;pas de date;Parc Rives de Seine - Georges Pompidou, Quartier Saint-Merri, Paris 4e Arrondissement, Paris, Île-de-France, France métropolitaine, 75004, France;48.8564877;2.3490133;;
;;276;Seine;Gainzbeur by Alkpote;2012-03-19;Parc Rives de Seine - Georges Pompidou, Quartier Saint-Merri, Paris 4e Arrondissement, Paris, Île-de-France, France métropolitaine, 75004, France;48.8564877;2.3490133;;
;;277;Seine;La Seine by Areski Belkacem;pas de date;Parc Rives de Seine - Georges Pompidou, Quartier Saint-Merri, Paris 4e Arrondissement, Paris, Île-de-France, France métropolitaine, 75004, France;48.8564877;2.3490133;;
;;278;Seine;A Saint-Ouen by Aristide Bruant;pas de date;Parc Rives de Seine - Georges Pompidou, Quartier Saint-Merri, Paris 4e Arrondissement, Paris, Île-de-France, France métropolitaine, 75004, France;48.8564877;2.3490133;;
;;279;Seine;Beat 2 Boul Session by Beat de Boul (Ft. Layzi, Mala, Mo'vez Lang, Passe Partout, Salif & Zoxea);1999-01-01;Parc Rives de Seine - Georges Pompidou, Quartier Saint-Merri, Paris 4e Arrondissement, Paris, Île-de-France, France métropolitaine, 75004, France;48.8564877;2.3490133;;
;;280;Seine;Paris La Grise by Bernard Lavilliers;pas de date;Parc Rives de Seine - Georges Pompidou, Quartier Saint-Merri, Paris 4e Arrondissement, Paris, Île-de-France, France métropolitaine, 75004, France;48.8564877;2.3490133;;
;;281;Seine;Une vie by Booba;2013-11-25;Parc Rives de Seine - Georges Pompidou, Quartier Saint-Merri, Paris 4e Arrondissement, Paris, Île-de-France, France métropolitaine, 75004, France;48.8564877;2.3490133;;
;;282;Seine;Paris-corbeil (remix) by Boulevard des Airs;pas de date;Parc Rives de Seine - Georges Pompidou, Quartier Saint-Merri, Paris 4e Arrondissement, Paris, Île-de-France, France métropolitaine, 75004, France;48.8564877;2.3490133;;
;;283;Seine;Losa by Bramsito;2019-05-31;Parc Rives de Seine - Georges Pompidou, Quartier Saint-Merri, Paris 4e Arrondissement, Paris, Île-de-France, France métropolitaine, 75004, France;48.8564877;2.3490133;;
;;284;Seine;J'aime Paris au mois de mai by Charles Aznavour;pas de date;Parc Rives de Seine - Georges Pompidou, Quartier Saint-Merri, Paris 4e Arrondissement, Paris, Île-de-France, France métropolitaine, 75004, France;48.8564877;2.3490133;;
;;285;Seine;Revoir Paris by Charles Trenet;pas de date;Parc Rives de Seine - Georges Pompidou, Quartier Saint-Merri, Paris 4e Arrondissement, Paris, Île-de-France, France métropolitaine, 75004, France;48.8564877;2.3490133;;
;;286;Seine;Doesn't matter (voleur de soleil) by Christine and the Queens;2018-07-05;Parc Rives de Seine - Georges Pompidou, Quartier Saint-Merri, Paris 4e Arrondissement, Paris, Île-de-France, France métropolitaine, 75004, France;48.8564877;2.3490133;;
;;287;Seine;La Parisienne by Christophe Maé;2016-05-13;Parc Rives de Seine - Georges Pompidou, Quartier Saint-Merri, Paris 4e Arrondissement, Paris, Île-de-France, France métropolitaine, 75004, France;48.8564877;2.3490133;;
;;288;Seine;Unisex by Christophe Willem;pas de date;Parc Rives de Seine - Georges Pompidou, Quartier Saint-Merri, Paris 4e Arrondissement, Paris, Île-de-France, France métropolitaine, 75004, France;48.8564877;2.3490133;;
;;289;Seine;En bords de Seine by Damien Saez;2017-03-10;Parc Rives de Seine - Georges Pompidou, Quartier Saint-Merri, Paris 4e Arrondissement, Paris, Île-de-France, France métropolitaine, 75004, France;48.8564877;2.3490133;;
;;290;Seine;Rien qu'un jour by Emmanuel Moire;pas de date;Parc Rives de Seine - Georges Pompidou, Quartier Saint-Merri, Paris 4e Arrondissement, Paris, Île-de-France, France métropolitaine, 75004, France;48.8564877;2.3490133;;
;;291;Seine;Chromosome breton by Éric Toulis;2012-01-01;Parc Rives de Seine - Georges Pompidou, Quartier Saint-Merri, Paris 4e Arrondissement, Paris, Île-de-France, France métropolitaine, 75004, France;48.8564877;2.3490133;;
;;292;Seine;Les bords de Seine by Étienne Daho;1996-11-19;Parc Rives de Seine - Georges Pompidou, Quartier Saint-Merri, Paris 4e Arrondissement, Paris, Île-de-France, France métropolitaine, 75004, France;48.8564877;2.3490133;;
;;293;Seine;À Paris by Francis Lemarque;pas de date;Parc Rives de Seine - Georges Pompidou, Quartier Saint-Merri, Paris 4e Arrondissement, Paris, Île-de-France, France métropolitaine, 75004, France;48.8564877;2.3490133;;
;;294;Seine;Tango De L'Ennui by François Béranger;pas de date;Parc Rives de Seine - Georges Pompidou, Quartier Saint-Merri, Paris 4e Arrondissement, Paris, Île-de-France, France métropolitaine, 75004, France;48.8564877;2.3490133;;
;;295;Seine;Je t'écris by Grégory Lemarchal;pas de date;Parc Rives de Seine - Georges Pompidou, Quartier Saint-Merri, Paris 4e Arrondissement, Paris, Île-de-France, France métropolitaine, 75004, France;48.8564877;2.3490133;;
;;296;Seine;Baby by Guizmo;2016-06-03;Parc Rives de Seine - Georges Pompidou, Quartier Saint-Merri, Paris 4e Arrondissement, Paris, Île-de-France, France métropolitaine, 75004, France;48.8564877;2.3490133;;
;;297;Seine;Faire des ronds dans l'eau by Henri Salvador;pas de date;Parc Rives de Seine - Georges Pompidou, Quartier Saint-Merri, Paris 4e Arrondissement, Paris, Île-de-France, France métropolitaine, 75004, France;48.8564877;2.3490133;;
;;298;Seine;BX Land #4 by Heuss L'enfoiré;2019-01-25;Parc Rives de Seine - Georges Pompidou, Quartier Saint-Merri, Paris 4e Arrondissement, Paris, Île-de-France, France métropolitaine, 75004, France;48.8564877;2.3490133;;
;;299;Seine;Le p'tit jardin by Jean Ferrat;pas de date;Parc Rives de Seine - Georges Pompidou, Quartier Saint-Merri, Paris 4e Arrondissement, Paris, Île-de-France, France métropolitaine, 75004, France;48.8564877;2.3490133;;
;;300;Seine;Sur Les Quais Du Vieux Paris by Jean Sablon;pas de date;Parc Rives de Seine - Georges Pompidou, Quartier Saint-Merri, Paris 4e Arrondissement, Paris, Île-de-France, France métropolitaine, 75004, France;48.8564877;2.3490133;;
;;301;Seine;Bourg-la-Reine by Julien Clerc;pas de date;Parc Rives de Seine - Georges Pompidou, Quartier Saint-Merri, Paris 4e Arrondissement, Paris, Île-de-France, France métropolitaine, 75004, France;48.8564877;2.3490133;;
;;302;Seine;Adieu Bohème by Juliette Gréco;pas de date;Parc Rives de Seine - Georges Pompidou, Quartier Saint-Merri, Paris 4e Arrondissement, Paris, Île-de-France, France métropolitaine, 75004, France;48.8564877;2.3490133;;
;;303;Seine;Je n'y arriverai pas by Keen'V;2017-07-07;Parc Rives de Seine - Georges Pompidou, Quartier Saint-Merri, Paris 4e Arrondissement, Paris, Île-de-France, France métropolitaine, 75004, France;48.8564877;2.3490133;;
;;304;Seine;Vivre La Vie by Kelly Joyce;pas de date;Parc Rives de Seine - Georges Pompidou, Quartier Saint-Merri, Paris 4e Arrondissement, Paris, Île-de-France, France métropolitaine, 75004, France;48.8564877;2.3490133;;
;;305;Seine;Les soleils de minuit by La Fouine;2011-02-14;Parc Rives de Seine - Georges Pompidou, Quartier Saint-Merri, Paris 4e Arrondissement, Paris, Île-de-France, France métropolitaine, 75004, France;48.8564877;2.3490133;;
;;306;Seine;Sur la scène by Léo Ferré;pas de date;Parc Rives de Seine - Georges Pompidou, Quartier Saint-Merri, Paris 4e Arrondissement, Paris, Île-de-France, France métropolitaine, 75004, France;48.8564877;2.3490133;;
;;307;Seine;Freestyle avec Fixpen Sill, Di-Meh, Limsa & Tonio MC by Lomepal (Ft. Di-Meh, Keroué, Limsa & Tonio MC);2019-01-10;Parc Rives de Seine - Georges Pompidou, Quartier Saint-Merri, Paris 4e Arrondissement, Paris, Île-de-France, France métropolitaine, 75004, France;48.8564877;2.3490133;;
;;308;Seine;Le Monsieur Aux Lilas by Lucienne Delyle;pas de date;Parc Rives de Seine - Georges Pompidou, Quartier Saint-Merri, Paris 4e Arrondissement, Paris, Île-de-France, France métropolitaine, 75004, France;48.8564877;2.3490133;;
;;309;Seine;Une Fille Me Sourit by Lucky Blondo;pas de date;Parc Rives de Seine - Georges Pompidou, Quartier Saint-Merri, Paris 4e Arrondissement, Paris, Île-de-France, France métropolitaine, 75004, France;48.8564877;2.3490133;;
;;310;Seine;Intro (Mauvais œil) by Lunatic;2000-09-28;Parc Rives de Seine - Georges Pompidou, Quartier Saint-Merri, Paris 4e Arrondissement, Paris, Île-de-France, France métropolitaine, 75004, France;48.8564877;2.3490133;;
;;311;Seine;Complainte désabusée by Lys Gauty;pas de date;Parc Rives de Seine - Georges Pompidou, Quartier Saint-Merri, Paris 4e Arrondissement, Paris, Île-de-France, France métropolitaine, 75004, France;48.8564877;2.3490133;;
;;312;Seine;Fest noz de paname by Manau;pas de date;Parc Rives de Seine - Georges Pompidou, Quartier Saint-Merri, Paris 4e Arrondissement, Paris, Île-de-France, France métropolitaine, 75004, France;48.8564877;2.3490133;;
;;313;Seine;J'Entends La Musique by Marc Lavoine;1999-08-31;Parc Rives de Seine - Georges Pompidou, Quartier Saint-Merri, Paris 4e Arrondissement, Paris, Île-de-France, France métropolitaine, 75004, France;48.8564877;2.3490133;;
;;314;Seine;Exhibitiodance by Max Boublil;pas de date;Parc Rives de Seine - Georges Pompidou, Quartier Saint-Merri, Paris 4e Arrondissement, Paris, Île-de-France, France métropolitaine, 75004, France;48.8564877;2.3490133;;
;;315;Seine;Bouge de là (move out of my way) by MC Solaar;pas de date;Parc Rives de Seine - Georges Pompidou, Quartier Saint-Merri, Paris 4e Arrondissement, Paris, Île-de-France, France métropolitaine, 75004, France;48.8564877;2.3490133;;
;;316;Seine;Phébus by -M- (FRA);pas de date;Parc Rives de Seine - Georges Pompidou, Quartier Saint-Merri, Paris 4e Arrondissement, Paris, Île-de-France, France métropolitaine, 75004, France;48.8564877;2.3490133;;
;;317;Seine;Si j'etais by Michel Sardou;pas de date;Parc Rives de Seine - Georges Pompidou, Quartier Saint-Merri, Paris 4e Arrondissement, Paris, Île-de-France, France métropolitaine, 75004, France;48.8564877;2.3490133;;
;;318;Seine;Je ne serai jamais ta Parisienne by Nolwenn Leroy;2010-12-06;Parc Rives de Seine - Georges Pompidou, Quartier Saint-Merri, Paris 4e Arrondissement, Paris, Île-de-France, France métropolitaine, 75004, France;48.8564877;2.3490133;;
;;319;Seine;Le Gringalet by Renaud;pas de date;Parc Rives de Seine - Georges Pompidou, Quartier Saint-Merri, Paris 4e Arrondissement, Paris, Île-de-France, France métropolitaine, 75004, France;48.8564877;2.3490133;;
;;320;Seine;Le Tango De LEnnui by Sanseverino;pas de date;Parc Rives de Seine - Georges Pompidou, Quartier Saint-Merri, Paris 4e Arrondissement, Paris, Île-de-France, France métropolitaine, 75004, France;48.8564877;2.3490133;;
;;321;Seine;Gunshot by Sefyu;2019-04-12;Parc Rives de Seine - Georges Pompidou, Quartier Saint-Merri, Paris 4e Arrondissement, Paris, Île-de-France, France métropolitaine, 75004, France;48.8564877;2.3490133;;
;;322;Seine;Panam All Starz by Sniper (Ft. 113, Diam's, G-Kill, Haroun, L'Skadrille, Mano Kid Mesa, Salif, Sinik, Tandem & Zoxea);2003-09-15;Parc Rives de Seine - Georges Pompidou, Quartier Saint-Merri, Paris 4e Arrondissement, Paris, Île-de-France, France métropolitaine, 75004, France;48.8564877;2.3490133;;
;;323;Seine;Karismatik Ultimatum by Sofiane (Ft. AK93 & Les Frères De La Rue);pas de date;Parc Rives de Seine - Georges Pompidou, Quartier Saint-Merri, Paris 4e Arrondissement, Paris, Île-de-France, France métropolitaine, 75004, France;48.8564877;2.3490133;;
;;324;Seine;Seine-Saint-Denis Style by Suprême NTM;1998-04-21;Parc Rives de Seine - Georges Pompidou, Quartier Saint-Merri, Paris 4e Arrondissement, Paris, Île-de-France, France métropolitaine, 75004, France;48.8564877;2.3490133;;
;;325;Seine;Le Pont Mirabeau by Têtes Raides;pas de date;Parc Rives de Seine - Georges Pompidou, Quartier Saint-Merri, Paris 4e Arrondissement, Paris, Île-de-France, France métropolitaine, 75004, France;48.8564877;2.3490133;;
;;326;Seine;Ligne de Mire by TSR Crew;pas de date;Parc Rives de Seine - Georges Pompidou, Quartier Saint-Merri, Paris 4e Arrondissement, Paris, Île-de-France, France métropolitaine, 75004, France;48.8564877;2.3490133;;
;;327;Seine;Oublie-moi by Yves Simon;pas de date;Parc Rives de Seine - Georges Pompidou, Quartier Saint-Merri, Paris 4e Arrondissement, Paris, Île-de-France, France métropolitaine, 75004, France;48.8564877;2.3490133;;
;;328;pont d'Arcole;Le bateau mouche by Alain Souchon;pas de date;Pont d'Arcole, Quartier Les Îles, Paris 4e Arrondissement, Paris, Île-de-France, France métropolitaine, 75004, France;48.8556232;2.3506694744830123;;
;;329;Chapelle;A la Chapelle by Aristide Bruant;pas de date;Sainte-Chapelle, 8, Boulevard du Palais, Quartier Saint-Germain-l'Auxerrois, Paris 1er Arrondissement, Paris, Île-de-France, France métropolitaine, France;48.8553933;2.34499406295433;;
;;330;Chapelle;Bercy Madeleine by Pierre Perret;pas de date;Sainte-Chapelle, 8, Boulevard du Palais, Quartier Saint-Germain-l'Auxerrois, Paris 1er Arrondissement, Paris, Île-de-France, France métropolitaine, France;48.8553933;2.34499406295433;;
;;331;Chapelle;La plus bath des java by Renaud;pas de date;Sainte-Chapelle, 8, Boulevard du Palais, Quartier Saint-Germain-l'Auxerrois, Paris 1er Arrondissement, Paris, Île-de-France, France métropolitaine, France;48.8553933;2.34499406295433;;
;;332;Chapelle;Champs de vision by TSR Crew;2015-04-13;Sainte-Chapelle, 8, Boulevard du Palais, Quartier Saint-Germain-l'Auxerrois, Paris 1er Arrondissement, Paris, Île-de-France, France métropolitaine, France;48.8553933;2.34499406295433;;
;;333;Chapelle;La Marie-Vison by Yves Montand;pas de date;Sainte-Chapelle, 8, Boulevard du Palais, Quartier Saint-Germain-l'Auxerrois, Paris 1er Arrondissement, Paris, Île-de-France, France métropolitaine, France;48.8553933;2.34499406295433;;
;;334;Vincennes;Caroline, Caroline by Bourvil;pas de date;Pagode de Vincennes, Route des Îles, Quartier du Bel-Air, Paris 12e Arrondissement, Paris, Île-de-France, France métropolitaine, 75012, France;48.82849375;2.415361792327203;;
;;335;Vincennes;Nous deux by Léo Ferré;pas de date;Pagode de Vincennes, Route des Îles, Quartier du Bel-Air, Paris 12e Arrondissement, Paris, Île-de-France, France métropolitaine, 75012, France;48.82849375;2.415361792327203;;
;;336;Vincennes;Mauvais œil by Lunatic;2000-09-28;Pagode de Vincennes, Route des Îles, Quartier du Bel-Air, Paris 12e Arrondissement, Paris, Île-de-France, France métropolitaine, 75012, France;48.82849375;2.415361792327203;;
;;337;Vincennes;Tu vois ? by Mafia K'1 Fry;2007-01-29;Pagode de Vincennes, Route des Îles, Quartier du Bel-Air, Paris 12e Arrondissement, Paris, Île-de-France, France métropolitaine, 75012, France;48.82849375;2.415361792327203;;
;;338;Vincennes;Film by Pierre Vassiliu;pas de date;Pagode de Vincennes, Route des Îles, Quartier du Bel-Air, Paris 12e Arrondissement, Paris, Île-de-France, France métropolitaine, 75012, France;48.82849375;2.415361792327203;;
;;339;Notre-Dame;La dame en feu by Damien Saez;2019-11-22;Cathédrale Notre-Dame de Paris, 6, Parvis Notre-Dame - Place Jean-Paul II, Quartier Les Îles, Paris 4e Arrondissement, Paris, Île-de-France, France métropolitaine, 75004, France;48.85293705;2.3500501225000026;;
;;340;Hôtel de Ville;C'est OK by Eddy Mitchell;pas de date;Hôtel-de-Ville, Parc Rives de Seine - Georges Pompidou, Quartier Les Îles, Paris 4e Arrondissement, Paris, Île-de-France, France métropolitaine, 75004, France;48.85457;2.3534647;;
;;341;Cité;Mégalopolis by Louis Chedid;pas de date;Cité, Allée Celestin Hennion, Quartier Les Îles, Paris 4e Arrondissement, Paris, Île-de-France, France métropolitaine, 75004, France;48.8553219;2.3475596;;
;;342;pont Marie;Au café de la paix by Thomas Fersen;pas de date;Pont Marie, Quartier Les Îles, Paris 4e Arrondissement, Paris, Île-de-France, France métropolitaine, 75004, France;48.852804750000004;2.35735800499347;;
;
